companyid,companyname,n_sentences,mean_p_positive,mean_p_negative,mean_p_neutral,mean_sentiment,std_sentiment,pct_negative,pct_neutral,pct_positive,ratio_strong_negative,ratio_strong_positive
18749,"Amazon.com, Inc.",308,0.424323178942666,0.06125537702033611,0.5144214422877442,0.36306780192232996,0.4299094901793628,0.045454545454545456,0.5584415584415584,0.3961038961038961,0.03571428571428571,0.39285714285714285
19691,"Cisco Systems, Inc.",429,0.414514651134532,0.07464857413466056,0.5108367742358387,0.3398660769998715,0.46072288538944406,0.055944055944055944,0.5431235431235432,0.40093240093240096,0.05128205128205128,0.3939393939393939
21127,Intel Corporation,401,0.4384032592277259,0.0960150894934214,0.46558165293827913,0.34238816973430447,0.49144907750644684,0.0798004987531172,0.48129675810473815,0.4389027431421446,0.0773067331670823,0.4314214463840399
21171,Intuit Inc.,395,0.36321265060171676,0.06835243568484542,0.5684349147272827,0.2948602149168713,0.43672038529245927,0.05569620253164557,0.6126582278481013,0.33164556962025316,0.05063291139240506,0.3291139240506329
21835,Microsoft Corporation,415,0.40852835660306624,0.08047460696312139,0.5109970382672836,0.3280537496399449,0.47268656365613104,0.060240963855421686,0.5518072289156627,0.38795180722891565,0.05060240963855422,0.38313253012048193
22247,Oracle Corporation,216,0.3920742974150926,0.08820952139191192,0.5197161859315302,0.3038647760231807,0.4777041146477478,0.07407407407407407,0.5601851851851852,0.36574074074074076,0.06944444444444445,0.35648148148148145
24292,"LiveRamp Holdings, Inc.",300,0.5172615326754749,0.05207408851167808,0.43066437752296527,0.4651874441637968,0.4366804583785445,0.03333333333333333,0.45,0.5166666666666667,0.03333333333333333,0.5166666666666667
24321,Adobe Inc.,335,0.44582021339838185,0.02860268604482955,0.5255770991042034,0.4172175273535523,0.3838994379808655,0.008955223880597015,0.5850746268656717,0.4059701492537313,0.008955223880597015,0.40298507462686567
24686,Amdocs Limited,304,0.41921888794259804,0.07134433490941056,0.5094367804581692,0.3478745530331875,0.4682924693402507,0.05263157894736842,0.5328947368421053,0.4144736842105263,0.049342105263157895,0.41118421052631576
24937,Apple Inc.,295,0.39565608252345,0.058512295580516425,0.5458316216276864,0.33714378694293357,0.4228413621562038,0.03389830508474576,0.5932203389830508,0.3728813559322034,0.03389830508474576,0.3694915254237288
25238,AudioCodes Ltd.,262,0.3573512463183462,0.1199216699469408,0.5227270846020515,0.2374295763714054,0.5275278836365545,0.11068702290076336,0.5572519083969466,0.3320610687022901,0.11068702290076336,0.3320610687022901
25304,"Light & Wonder, Inc.",354,0.49735889066600025,0.05345803269942812,0.4491830765622231,0.44390085796657214,0.43284448574304507,0.03672316384180791,0.4632768361581921,0.5,0.03672316384180791,0.5
25395,Ballard Power Systems Inc.,226,0.25502484562534805,0.1536378678144574,0.5913372838342216,0.10138697781089066,0.4770431439693523,0.1415929203539823,0.6548672566371682,0.20353982300884957,0.13274336283185842,0.19469026548672566
25514,"Bentley Systems, Incorporated",328,0.41719214484328404,0.07643951903659532,0.5063683392179039,0.3407526258066887,0.45535430573023455,0.06097560975609756,0.5457317073170732,0.3932926829268293,0.054878048780487805,0.3902439024390244
25941,"Cadence Design Systems, Inc.",385,0.3918961347576666,0.054986036460024194,0.5531178310319975,0.3369100982976424,0.4228428168275039,0.033766233766233764,0.587012987012987,0.37922077922077924,0.033766233766233764,0.37402597402597404
26238,Celestica Inc.,590,0.4958455645163559,0.061551070756326286,0.4426033622948295,0.43429449376002965,0.45455400539135304,0.0423728813559322,0.4457627118644068,0.511864406779661,0.0423728813559322,0.511864406779661
26399,Check Point Software Technologies Ltd.,447,0.3280218754086635,0.06244117418154074,0.6095369497034907,0.2655807012271228,0.3998012910668742,0.024608501118568233,0.6621923937360179,0.3131991051454139,0.02237136465324385,0.29977628635346754
26486,Ciena Corporation,310,0.3751080361675591,0.10707394296693946,0.5178180238742742,0.26803409320061966,0.5001739930692359,0.08709677419354839,0.5419354838709678,0.3709677419354839,0.08709677419354839,0.36774193548387096
26510,Flex Ltd.,219,0.4139088496574324,0.06418365261572749,0.5219074963511193,0.3497251970417049,0.44683739892457114,0.045662100456621,0.5525114155251142,0.4018264840182648,0.0410958904109589,0.3972602739726027
26515,"Cirrus Logic, Inc.",185,0.3565317125286202,0.08119010613174052,0.5622781810728279,0.2753416063968797,0.4567546913409258,0.05405405405405406,0.6216216216216216,0.32432432432432434,0.04864864864864865,0.32432432432432434
26789,"Commvault Systems, Inc.",248,0.41610554057443816,0.05438038354529248,0.529514079530453,0.36172515702914565,0.4244687731480236,0.03225806451612903,0.5725806451612904,0.3951612903225806,0.028225806451612902,0.3911290322580645
27223,"CSG Systems International, Inc.",363,0.4668140789422081,0.07643432448266622,0.4567515939094393,0.3903797544595419,0.4571316943559297,0.049586776859504134,0.4765840220385675,0.4738292011019284,0.046831955922865015,0.465564738292011
28374,"Extreme Networks, Inc.",296,0.37967761164543695,0.07192875037907397,0.5483936401795143,0.307748861266363,0.43735906729950663,0.05405405405405406,0.5777027027027027,0.36824324324324326,0.05405405405405406,0.35135135135135137
28648,"FormFactor, Inc.",265,0.3257715812005665,0.18270036825769634,0.4915280472135769,0.14307121294287015,0.556482483223902,0.1660377358490566,0.5320754716981132,0.3018867924528302,0.16226415094339622,0.2981132075471698
29096,Alphabet Inc.,432,0.44992545114386034,0.04781837932899146,0.5022561738539176,0.4021070718148689,0.42520805810535117,0.03009259259259259,0.5347222222222222,0.4351851851851852,0.03009259259259259,0.43287037037037035
30594,Kopin Corporation,178,0.4952682581929009,0.1077502297572373,0.396981511495254,0.3875180284356636,0.5228635594994749,0.10674157303370786,0.398876404494382,0.4943820224719101,0.10112359550561797,0.4887640449438202
30886,"LivePerson, Inc.",191,0.4494037128843523,0.08836408452184491,0.4622322010334718,0.3610396283625074,0.48559821972583933,0.07329842931937172,0.450261780104712,0.47643979057591623,0.06806282722513089,0.4712041884816754
31500,Microchip Technology Incorporated,408,0.21680079063733892,0.19333231026950456,0.5898668990931565,0.02346848036783437,0.4705992807403131,0.16911764705882354,0.6642156862745098,0.16666666666666666,0.16176470588235295,0.15196078431372548
32039,"NetScout Systems, Inc.",161,0.3179290189656504,0.19207587142284058,0.4899951095594475,0.12585314754280985,0.592975542787855,0.18012422360248448,0.4968944099378882,0.32298136645962733,0.17391304347826086,0.32298136645962733
32052,"NetApp, Inc.",397,0.44763732784350285,0.07684560360325975,0.47551706810517036,0.37079172424024315,0.4776276815671946,0.05793450881612091,0.49370277078085645,0.44836272040302266,0.055415617128463476,0.44584382871536526
32307,NVIDIA Corporation,371,0.3331449368536834,0.04231790197395652,0.6245371623019966,0.2908270348797269,0.36422616380097905,0.016172506738544475,0.6765498652291105,0.30727762803234504,0.016172506738544475,0.29380053908355797
32401,"Omnicell, Inc.",281,0.44637777166792403,0.07366728256009121,0.47995494563278357,0.3727104891078328,0.46089470628871787,0.060498220640569395,0.498220640569395,0.4412811387900356,0.05338078291814947,0.4306049822064057
32789,"PDF Solutions, Inc.",257,0.3181725202911037,0.07175017829535073,0.6100772984818725,0.24642234199575297,0.4219669108126543,0.042801556420233464,0.6653696498054474,0.2918287937743191,0.038910505836575876,0.2918287937743191
33163,"Power Integrations, Inc.",195,0.3819474896798149,0.11828093173173376,0.49977157472704464,0.26366655794808114,0.5055394689772158,0.10256410256410256,0.5076923076923077,0.38974358974358975,0.09743589743589744,0.38461538461538464
33493,QUALCOMM Incorporated,217,0.45084641223627436,0.043799385608684634,0.5053542001808088,0.40704702662758974,0.39906371721338957,0.02304147465437788,0.5345622119815668,0.4423963133640553,0.018433179723502304,0.4423963133640553
33821,"Qorvo, Inc.",319,0.38569930933129776,0.14041458137572793,0.47388610649024804,0.24528472795556985,0.5488895819689724,0.12539184952978055,0.49216300940438873,0.3824451410658307,0.12539184952978055,0.3730407523510972
34039,Sanmina Corporation,326,0.4105665091013799,0.05826551015374531,0.5311679832145937,0.35230099894763456,0.4398877674539751,0.03680981595092025,0.5552147239263804,0.40797546012269936,0.03374233128834356,0.3987730061349693
34345,Silicon Laboratories Inc.,171,0.3900316122957445,0.16221878583112742,0.44774960016842646,0.22781282646461712,0.5579059596469288,0.14619883040935672,0.47368421052631576,0.38011695906432746,0.14035087719298245,0.3742690058479532
34709,"SS&C Technologies Holdings, Inc.",214,0.40583958789253627,0.06799098310086911,0.5261694236841297,0.3378486047916671,0.43703994221396664,0.04205607476635514,0.5607476635514018,0.397196261682243,0.037383177570093455,0.3925233644859813
34839,Stratasys Ltd.,305,0.40901323218875735,0.09130001709811755,0.49968675502011034,0.31771321509063977,0.4860315359355306,0.07868852459016394,0.5180327868852459,0.40327868852459015,0.07868852459016394,0.4
34933,American Superconductor Corporation,256,0.413536248546734,0.06997288968705107,0.5164908608348924,0.3435633588596829,0.4374240844557587,0.04296875,0.55078125,0.40625,0.04296875,0.3984375
35013,Synaptics Incorporated,247,0.38816487424354623,0.08625058432181294,0.5255845439005719,0.3019142899217333,0.46670043777323794,0.06072874493927125,0.562753036437247,0.3765182186234818,0.05668016194331984,0.3684210526315789
35352,The Descartes Systems Group Inc.,431,0.30674515077909087,0.10445484086944616,0.588800009283866,0.20229030990964472,0.44645016994772113,0.06960556844547564,0.642691415313225,0.2877030162412993,0.06960556844547564,0.2877030162412993
35695,"ACI Worldwide, Inc.",281,0.3460781171394254,0.053284126948697816,0.6006377517640114,0.29279399019072755,0.4080577983252286,0.021352313167259787,0.6619217081850534,0.3167259786476868,0.021352313167259787,0.31316725978647686
35922,GrafTech International Ltd.,395,0.394367786152642,0.12456087900585011,0.4810713346670323,0.26980690714679184,0.524250717617502,0.11139240506329114,0.4936708860759494,0.3949367088607595,0.11139240506329114,0.38734177215189874
36216,"VeriSign, Inc.",138,0.24742916586430933,0.13613531731433517,0.6164355137979315,0.11129384854997414,0.45681456675442267,0.13043478260869565,0.644927536231884,0.2246376811594203,0.13043478260869565,0.2246376811594203
90323,"F5, Inc.",442,0.39615568605133616,0.08725333113825935,0.5165909869929278,0.3089023549130768,0.4735084225937041,0.06561085972850679,0.5542986425339367,0.38009049773755654,0.06334841628959276,0.3733031674208145
90442,"HealthStream, Inc.",501,0.3395059550396667,0.05978076556184424,0.6007132781725265,0.27972518947782243,0.3867457625820913,0.041916167664670656,0.6646706586826348,0.2934131736526946,0.033932135728542916,0.29141716566866266
92816,adidas AG,508,0.32728141304435515,0.05896995847084097,0.6137486319644303,0.2683114545735142,0.37727839146245684,0.03543307086614173,0.6712598425196851,0.2933070866141732,0.03346456692913386,0.29133858267716534
93196,"TTM Technologies, Inc.",224,0.3102007753643972,0.2003106393219371,0.4894885831454303,0.10989013604246013,0.5568582659279429,0.1875,0.5401785714285714,0.27232142857142855,0.18303571428571427,0.26785714285714285
93425,CACI International Inc,287,0.36867517602827904,0.0458754110490767,0.5854494162293261,0.3227997649792024,0.38767165158330813,0.017421602787456445,0.627177700348432,0.3554006968641115,0.017421602787456445,0.34494773519163763
93933,"ON24, Inc.",293,0.48771693623933066,0.12567034415080636,0.38661271870555836,0.3620465920885243,0.5641467756288698,0.11604095563139932,0.3924914675767918,0.49146757679180886,0.10921501706484642,0.49146757679180886
96078,Jabil Inc.,354,0.35096398660634237,0.08520169793707082,0.563834318722793,0.2657622886692716,0.4461127977757659,0.06497175141242938,0.5988700564971752,0.3361581920903955,0.059322033898305086,0.327683615819209
96079,Viavi Solutions Inc.,219,0.2527828907964062,0.21016141309373115,0.5370556940898707,0.042621477702675076,0.539999979764125,0.1963470319634703,0.6118721461187214,0.1917808219178082,0.1917808219178082,0.1917808219178082
97706,"Blackbaud, Inc.",200,0.4295856566214934,0.10840929385507479,0.4620050426619127,0.3211763627664186,0.5074813161617759,0.105,0.455,0.44,0.085,0.435
97999,Teradata Corporation,295,0.49961326002001255,0.04869026169496573,0.4516964772242611,0.45092299832504684,0.4177441671129993,0.03389830508474576,0.45084745762711864,0.5152542372881356,0.03389830508474576,0.5084745762711864
99186,"Motorola Solutions, Inc.",279,0.479253887405826,0.05849000233255567,0.462256112419683,0.42076388507327034,0.44355617413878495,0.043010752688172046,0.46953405017921146,0.4874551971326165,0.03942652329749104,0.4874551971326165
102348,Plexus Corp.,284,0.4885114549272235,0.11908129746468187,0.39240724675055644,0.3694301574625416,0.5458848227763927,0.09859154929577464,0.40492957746478875,0.4964788732394366,0.09507042253521127,0.4894366197183099
103599,Xerox Holdings Corporation,265,0.3725135834184739,0.2072380246998707,0.42024839109618145,0.16527555871860317,0.632532588945102,0.19245283018867926,0.4490566037735849,0.3584905660377358,0.18867924528301888,0.3584905660377358
103678,"Becton, Dickinson and Company",350,0.5048749869050724,0.06995518260768481,0.425169826777918,0.4349198042973876,0.46165655867929584,0.054285714285714284,0.4257142857142857,0.52,0.054285714285714284,0.5114285714285715
105448,Infineon Technologies AG,449,0.334650420915659,0.17884731906070012,0.4865022615046305,0.15580310185495888,0.5665581125852223,0.15367483296213807,0.5211581291759465,0.32516703786191536,0.15367483296213807,0.3184855233853007
110741,"Leidos Holdings, Inc.",365,0.4945311954908379,0.058896390964876706,0.4465724142753098,0.4356348045259612,0.4379817085677697,0.03561643835616438,0.4767123287671233,0.4876712328767123,0.03561643835616438,0.4849315068493151
111756,Sohu.com Limited,94,0.3170027895681956,0.1624073333483427,0.5205898696279272,0.15459545621985293,0.5332758284530192,0.1702127659574468,0.5319148936170213,0.2978723404255319,0.1595744680851064,0.2978723404255319
112350,International Business Machines Corporation,352,0.4428205888120415,0.10459986012111502,0.4525795533025468,0.3382207286909265,0.5315839143775218,0.09090909090909091,0.4659090909090909,0.4431818181818182,0.08806818181818182,0.4403409090909091
119902,"Autodesk, Inc.",349,0.3777612123910583,0.07970326451216438,0.5425355190886211,0.29805794787889395,0.4609121666037938,0.05157593123209169,0.5959885386819485,0.3524355300859599,0.05157593123209169,0.3467048710601719
125618,"Qualys, Inc.",284,0.3650855936083785,0.07740015228128087,0.5575142527674652,0.28768544132709767,0.4380560580083841,0.056338028169014086,0.6056338028169014,0.3380281690140845,0.0528169014084507,0.3345070422535211
127282,"MicroVision, Inc.",447,0.1858575884784078,0.05720493510590504,0.7569374732206465,0.12865265337250276,0.30960180420948236,0.029082774049217,0.8366890380313199,0.1342281879194631,0.029082774049217,0.1342281879194631
140283,Texas Instruments Incorporated,318,0.2438577675310391,0.1622242789683313,0.5939179511606084,0.08163348856270781,0.47317463672274496,0.14150943396226415,0.6446540880503144,0.2138364779874214,0.1320754716981132,0.20754716981132076
166754,"NETGEAR, Inc.",216,0.46066233053743083,0.11735693848027882,0.42198073237927425,0.343305392057152,0.542499580298481,0.10648148148148148,0.4305555555555556,0.46296296296296297,0.10648148148148148,0.4583333333333333
169308,NCR Voyix Corporation,337,0.37110906607369154,0.08892222072580934,0.5399687137863757,0.2821868453478822,0.46055100389917764,0.08011869436201781,0.56973293768546,0.35014836795252224,0.0712166172106825,0.34421364985163205
205573,Nokia Oyj,373,0.402975196800327,0.11484320595705677,0.48218159782063547,0.28813199084327024,0.5281415834024017,0.09651474530831099,0.5013404825737265,0.40214477211796246,0.09651474530831099,0.39946380697050937
247156,"Clearfield, Inc.",55,0.4126714031466029,0.15674549596892162,0.43058309839530423,0.25592590717768127,0.5733026583775243,0.14545454545454545,0.43636363636363634,0.41818181818181815,0.14545454545454545,0.41818181818181815
251230,"Applied Materials, Inc.",295,0.4549843423179019,0.09021044762457832,0.4548052177843401,0.3647738946933236,0.49724505106631317,0.07457627118644068,0.47796610169491527,0.44745762711864406,0.0711864406779661,0.4406779661016949
255180,"Benchmark Electronics, Inc.",210,0.45261148418565944,0.1267570810259453,0.42063143090123223,0.32585440315971415,0.5684242089862889,0.10476190476190476,0.4380952380952381,0.45714285714285713,0.10476190476190476,0.4523809523809524
258010,CTS Corporation,171,0.525692321422744,0.13688182217281378,0.337425853801096,0.3888104992499303,0.5757238894000001,0.12280701754385964,0.3157894736842105,0.5614035087719298,0.12280701754385964,0.5614035087719298
260583,Chemed Corporation,240,0.33215399949306934,0.18560004418638223,0.4822459582821466,0.14655395530668708,0.5768842085752248,0.1625,0.5125,0.325,0.1625,0.3125
262961,Comtech Telecommunications Corp.,346,0.3322784786484059,0.14873194192923778,0.5189895783416453,0.18354653671916812,0.5297156216636836,0.13872832369942195,0.546242774566474,0.315028901734104,0.13872832369942195,0.3092485549132948
266017,Dell Technologies Inc.,357,0.4512090370990336,0.09212991340263259,0.45666104810787184,0.359079123696401,0.49862183663740195,0.07563025210084033,0.484593837535014,0.43977591036414565,0.07282913165266107,0.4369747899159664
266694,Digi International Inc.,112,0.40054700698237866,0.08594787253865174,0.5135051215267075,0.31459913444372695,0.45235586903484853,0.05357142857142857,0.5625,0.38392857142857145,0.05357142857142857,0.375
266767,"Diebold Nixdorf, Incorporated",228,0.49521448699299964,0.10539686529112882,0.3993886431818011,0.38981762170187084,0.5267081274646573,0.07456140350877193,0.41228070175438597,0.5131578947368421,0.07456140350877193,0.5043859649122807
266907,Diodes Incorporated,238,0.3448094774679351,0.15222307884314357,0.5029674482790112,0.19258639862479157,0.546448082612609,0.13445378151260504,0.5294117647058824,0.33613445378151263,0.13025210084033614,0.3277310924369748
269706,Telefonaktiebolaget LM Ericsson (publ),377,0.33417398828286826,0.09228196775105928,0.5735440434151841,0.24189202053180897,0.44796230558106626,0.07427055702917772,0.623342175066313,0.30238726790450926,0.06631299734748011,0.29442970822281167
269960,ESCO Technologies Inc.,186,0.4403623545702587,0.1129694028822605,0.4466682410428441,0.3273929516879982,0.5305850666667341,0.08602150537634409,0.4731182795698925,0.44086021505376344,0.08602150537634409,0.42473118279569894
273729,"Franklin Electric Co., Inc.",293,0.4115420630258912,0.19654022321524575,0.3919177144994711,0.2150018398106454,0.6038631257749867,0.19112627986348124,0.4061433447098976,0.40273037542662116,0.18088737201365188,0.39590443686006827
277617,"Jack Henry & Associates, Inc.",398,0.37901250182665025,0.10175351603026853,0.5192339767084162,0.2772589857963817,0.47873961842147705,0.08793969849246232,0.550251256281407,0.36180904522613067,0.07788944723618091,0.3592964824120603
279750,Hubbell Incorporated,280,0.454836907277682,0.08925618628605402,0.45590690639801323,0.36558072099162797,0.49147357183641904,0.07142857142857142,0.4642857142857143,0.4642857142857143,0.06785714285714285,0.45714285714285713
283588,"Kulicke and Soffa Industries, Inc.",231,0.44390020041738626,0.057338689663548235,0.49876111366854603,0.386561510753838,0.44056853812663643,0.03463203463203463,0.5324675324675324,0.4329004329004329,0.03463203463203463,0.42424242424242425
284137,Lattice Semiconductor Corporation,316,0.4049354410830508,0.0818133264429325,0.5132512276980413,0.3231221146401183,0.4455083568598702,0.07278481012658228,0.5411392405063291,0.3860759493670886,0.06645569620253164,0.37341772151898733
287585,"Methode Electronics, Inc.",244,0.37739214076294153,0.16409694289475618,0.4585109149586776,0.21329519786818532,0.5757993939746865,0.14754098360655737,0.47950819672131145,0.3729508196721312,0.14754098360655737,0.3729508196721312
288586,"Mitek Systems, Inc.",321,0.41338552674423684,0.08437168112929876,0.5022427885738024,0.32901384561493807,0.4704399404778586,0.06230529595015576,0.5327102803738317,0.40498442367601245,0.059190031152647975,0.3894080996884735
289030,"Micron Technology, Inc.",319,0.48139116037228263,0.1527622086813434,0.3658466273480822,0.32862895169093925,0.5979008135045661,0.15047021943573669,0.3542319749216301,0.4952978056426332,0.14733542319749215,0.4952978056426332
289814,"Napco Security Technologies, Inc.",341,0.28814765688201244,0.10136950546684416,0.6104828385619824,0.18677815141516826,0.43674743490226897,0.07331378299120235,0.6803519061583577,0.24633431085043989,0.07038123167155426,0.2434017595307918
296511,"Photronics, Inc.",152,0.42819682350320937,0.10460003104832906,0.4672031449031477,0.3235967924548803,0.5047665387013478,0.09868421052631579,0.506578947368421,0.39473684210526316,0.09210526315789473,0.39473684210526316
297018,Pitney Bowes Inc.,251,0.4141585996070231,0.13885199068581677,0.44698940789275077,0.27530660892120634,0.5488481090033195,0.13545816733067728,0.44223107569721115,0.42231075697211157,0.12749003984063745,0.41832669322709165
297147,"Agilysys, Inc.",342,0.4324242105470611,0.12468260177547297,0.4428931866059003,0.3077416087715881,0.5179372609735166,0.11695906432748537,0.4590643274853801,0.4239766081871345,0.10818713450292397,0.41812865497076024
308402,3D Systems Corporation,395,0.39205221062691153,0.12767144599340008,0.4802763418518478,0.26438076463351146,0.5207381954735821,0.11645569620253164,0.5037974683544304,0.379746835443038,0.11139240506329114,0.379746835443038
309821,"Tyler Technologies, Inc.",366,0.3155157231405133,0.09119078222423019,0.5932934927102688,0.22432494091628313,0.43260736197198757,0.060109289617486336,0.6584699453551912,0.2814207650273224,0.0546448087431694,0.27595628415300544
310310,Unisys Corporation,389,0.4306859518078115,0.11805210136844367,0.451261945016165,0.31263385043936787,0.5284401313778627,0.10282776349614396,0.4730077120822622,0.4241645244215938,0.10025706940874037,0.4138817480719794
311959,Vicor Corporation,208,0.24462624973742864,0.13976586247624184,0.6156078852095211,0.1048603872611868,0.46020907498947156,0.11538461538461539,0.6682692307692307,0.21634615384615385,0.11538461538461539,0.21153846153846154
312427,"Vishay Intertechnology, Inc.",275,0.3482389128462157,0.17761001909321006,0.47415107122537764,0.1706288937530057,0.5754377789721169,0.16727272727272727,0.5054545454545455,0.32727272727272727,0.16363636363636364,0.32727272727272727
314057,Western Digital Corporation,355,0.3469564022338936,0.08122711657664515,0.5718164821981754,0.26572928565724846,0.45356710990378973,0.059154929577464786,0.6422535211267606,0.29859154929577464,0.056338028169014086,0.29577464788732394
314690,"Woodward, Inc.",350,0.386401451913906,0.16377110111261053,0.44982744824407356,0.22263035080129548,0.5643439651340155,0.15714285714285714,0.45714285714285713,0.38571428571428573,0.15428571428571428,0.37714285714285717
328513,Gilat Satellite Networks Ltd.,213,0.4169047608744231,0.10607694139039503,0.4770182978510507,0.31082781948402805,0.5185707911358585,0.09859154929577464,0.5211267605633803,0.38028169014084506,0.09859154929577464,0.38028169014084506
330019,Innodata Inc.,210,0.4247898639623253,0.04599488574257564,0.5292152588920934,0.37879497821974967,0.40651891684819524,0.023809523809523808,0.5714285714285714,0.40476190476190477,0.023809523809523808,0.3904761904761905
331231,Tower Semiconductor Ltd.,248,0.35398301856231784,0.07283341132983144,0.5731835766064544,0.2811496072324864,0.42882275780545986,0.04838709677419355,0.6088709677419355,0.34274193548387094,0.04838709677419355,0.34274193548387094
331298,Methanex Corporation,186,0.29336032319453453,0.1487213686378973,0.5579183018335732,0.14463895455663722,0.4850338310619285,0.12365591397849462,0.6021505376344086,0.27419354838709675,0.12365591397849462,0.25806451612903225
332124,"FuelCell Energy, Inc.",223,0.4557934710442719,0.10657490481467993,0.4376316271939486,0.34921856622959196,0.5260831772220596,0.09417040358744394,0.4260089686098655,0.4798206278026906,0.09417040358744394,0.47533632286995514
332700,CDW Corporation,352,0.34106810755540873,0.22065202917226337,0.4382798597481186,0.12041607838314534,0.6012711164683678,0.21306818181818182,0.45454545454545453,0.33238636363636365,0.20738636363636365,0.32386363636363635
332752,"ADTRAN Holdings, Inc.",250,0.32032746148854496,0.1059117423929274,0.5737608022615314,0.21441571909561755,0.4632336742308102,0.068,0.632,0.3,0.068,0.3
336930,"Insight Enterprises, Inc.",254,0.4074614911035847,0.17717911594539998,0.4153593970888008,0.23028237515818475,0.5938499951625695,0.1732283464566929,0.41338582677165353,0.41338582677165353,0.16929133858267717,0.4094488188976378
342660,"Socket Mobile, Inc.",64,0.42982046541874297,0.16300484676321503,0.4071746915433323,0.26681561865552794,0.5921741754639991,0.15625,0.390625,0.453125,0.15625,0.453125
343596,"Advanced Energy Industries, Inc.",331,0.4407975277413257,0.16135063191898324,0.39785184350506236,0.27944689582234244,0.5789026658683617,0.13897280966767372,0.41389728096676737,0.4471299093655589,0.13595166163141995,0.4380664652567976
347669,FactSet Research Systems Inc.,400,0.46971956435008905,0.07821596998488531,0.452064464231953,0.39150359436520377,0.47852559962842606,0.055,0.4575,0.4875,0.05,0.48
350216,Pegasystems Inc.,386,0.30777739590381326,0.08446767907155378,0.6077549259607811,0.22330971683225947,0.42334193660097935,0.06217616580310881,0.6658031088082902,0.27202072538860106,0.05958549222797927,0.27202072538860106
355279,"Match Group, Inc.",364,0.38721667387098035,0.15734193287278106,0.45544138926357686,0.22987474099819927,0.5669440866040596,0.14835164835164835,0.4835164835164835,0.36813186813186816,0.14835164835164835,0.36538461538461536
362956,"8x8, Inc.",346,0.38262492316005203,0.0976807647828831,0.5196943168361494,0.2849441583771689,0.4810008110488098,0.08092485549132948,0.5433526011560693,0.37572254335260113,0.06936416184971098,0.3699421965317919
366230,"OSI Systems, Inc.",284,0.42435726111190736,0.08407633720477387,0.4915664060513528,0.3402809239071335,0.4734745422184408,0.05985915492957746,0.528169014084507,0.4119718309859155,0.05985915492957746,0.4119718309859155
370217,Sapiens International Corporation N.V.,264,0.41130286272241257,0.11045493276712175,0.4782422069657707,0.3008479299552908,0.5154095364345326,0.09848484848484848,0.4810606060606061,0.42045454545454547,0.09090909090909091,0.4166666666666667
371281,"Take-Two Interactive Software, Inc.",358,0.3789421052661563,0.07085641558469383,0.5502014768377529,0.3080856896814625,0.4364137525150413,0.05027932960893855,0.5921787709497207,0.3575418994413408,0.05027932960893855,0.3547486033519553
376921,"Mercury Systems, Inc.",219,0.432710968321572,0.17409884688959001,0.3931901806361599,0.258612121431982,0.59508215855223,0.1461187214611872,0.4200913242009132,0.4337899543378995,0.1461187214611872,0.4292237442922374
380075,Taiwan Semiconductor Manufacturing Company Limited,421,0.2983865015443211,0.06271558350080407,0.6388979135899674,0.23567091804351703,0.4179311639064511,0.03800475059382423,0.6935866983372921,0.2684085510688836,0.035629453681710214,0.2684085510688836
380864,"PC Connection, Inc.",193,0.41137723046851976,0.17023080210273825,0.4183919679402456,0.2411464283657815,0.597466434198413,0.14507772020725387,0.45077720207253885,0.40414507772020725,0.14507772020725387,0.40414507772020725
382975,"Manhattan Associates, Inc.",261,0.41175105757083585,0.08060758960900749,0.50764134981566,0.33114346796182836,0.47698781946393287,0.06130268199233716,0.5363984674329502,0.40229885057471265,0.05747126436781609,0.40229885057471265
383981,"AXT, Inc.",185,0.3497114947971863,0.17560452934656595,0.4746839770996893,0.17410696545062032,0.5701953025502086,0.15135135135135136,0.4972972972972973,0.35135135135135137,0.15135135135135136,0.34594594594594597
385488,OneSpan Inc.,194,0.4208266007373129,0.1454689252723162,0.4337044705147135,0.2753576754649967,0.5595681772967354,0.13402061855670103,0.4690721649484536,0.39690721649484534,0.12371134020618557,0.3917525773195876
386024,Cognizant Technology Solutions Corporation,385,0.48414401803407575,0.06315866803581065,0.45269731793359114,0.4209853499982651,0.4530873235644019,0.04415584415584416,0.4675324675324675,0.4883116883116883,0.03896103896103896,0.4857142857142857
388005,Logitech International S.A.,262,0.41414726334304075,0.08685560418356864,0.4989971293577256,0.32729165915947206,0.4592949040404072,0.0648854961832061,0.5419847328244275,0.3931297709923664,0.05725190839694656,0.38549618320610685
391070,Universal Display Corporation,124,0.3833951608938796,0.12357163576469306,0.4930332096203441,0.25982352512918655,0.5117033960393516,0.11290322580645161,0.49193548387096775,0.3951612903225806,0.11290322580645161,0.3870967741935484
391687,Citigroup Inc.,505,0.4194179674942452,0.09160571958648392,0.48897631158591204,0.3278122479077613,0.49393701218722075,0.07524752475247524,0.5287128712871287,0.39603960396039606,0.07128712871287128,0.3920792079207921
398006,Infosys Limited,314,0.39535242293599493,0.09621496153639475,0.5084326166220626,0.2991374613996002,0.4878141448245258,0.0732484076433121,0.5382165605095541,0.3885350318471338,0.06369426751592357,0.3821656050955414
399960,BlackBerry Limited,238,0.4560863139154781,0.05434281853645915,0.4895708649223592,0.40174349537901893,0.4427215821618357,0.037815126050420166,0.5084033613445378,0.453781512605042,0.029411764705882353,0.453781512605042
400346,"Cantaloupe, Inc.",164,0.38741082952516837,0.08173004264954659,0.5308591270387718,0.3056807868756218,0.4598835262948635,0.06707317073170732,0.5670731707317073,0.36585365853658536,0.06097560975609756,0.35365853658536583
401890,Quantum Corporation,158,0.3855436070250418,0.1613823462755101,0.4530740539967731,0.2241612607495317,0.5438827231544432,0.1518987341772152,0.4620253164556962,0.3860759493670886,0.13291139240506328,0.3670886075949367
405483,Plug Power Inc.,391,0.3413821847185188,0.052910058778208084,0.6057077524254618,0.2884721259403107,0.390025276588235,0.030690537084398978,0.639386189258312,0.329923273657289,0.028132992327365727,0.3248081841432225
411950,ON Semiconductor Corporation,387,0.31513210855188567,0.11190627516158291,0.5729616171600975,0.20322583339030276,0.4655140326496766,0.09560723514211886,0.6149870801033591,0.28940568475452194,0.09302325581395349,0.2868217054263566
416512,"NetEase, Inc.",269,0.4683061952124519,0.0601332462635099,0.4715605605822957,0.408172948948942,0.4544887800723258,0.048327137546468404,0.483271375464684,0.4684014869888476,0.04460966542750929,0.4646840148698885
427186,Ceragon Networks Ltd.,221,0.3613470624331638,0.13766901474024645,0.5009839265898073,0.22367804769291733,0.525832665184153,0.11312217194570136,0.5339366515837104,0.35294117647058826,0.11312217194570136,0.35294117647058826
427445,"Impinj, Inc.",305,0.29434406539333646,0.10987166379135652,0.5957842712519599,0.18447240160197997,0.4635232320887296,0.08196721311475409,0.6426229508196721,0.2754098360655738,0.07868852459016394,0.2754098360655738
428613,"Baidu, Inc.",306,0.565521044303584,0.07374603114109121,0.3607329234961737,0.4917750131624927,0.4973601093589136,0.06862745098039216,0.33986928104575165,0.5915032679738562,0.06862745098039216,0.5915032679738562
428918,"nLIGHT, Inc.",245,0.353632994459904,0.14357467022705442,0.50279233066023,0.21005832423284954,0.5316141387052945,0.13877551020408163,0.5224489795918368,0.33877551020408164,0.1306122448979592,0.3346938775510204
528092,United Microelectronics Corporation,252,0.3640012228085349,0.11589304188318136,0.5201057364188489,0.24810818092535353,0.48844735848068943,0.0992063492063492,0.5476190476190477,0.3531746031746032,0.08333333333333333,0.3492063492063492
528312,"ASE Technology Holding Co., Ltd.",315,0.33072956856635827,0.14823077852202077,0.5210396550063576,0.1824987900443375,0.5214343104254087,0.12063492063492064,0.5619047619047619,0.31746031746031744,0.12063492063492064,0.3142857142857143
598611,Wipro Limited,253,0.42854825452176243,0.1000227259578765,0.47142901860560354,0.32852552856388595,0.5047727514093092,0.08300395256916997,0.49407114624505927,0.42292490118577075,0.07509881422924901,0.4150197628458498
619981,Saputo Inc.,280,0.4740130208066798,0.11592845425641696,0.4100585270872606,0.35808456655026283,0.5516054669467862,0.09642857142857143,0.42142857142857143,0.48214285714285715,0.09285714285714286,0.475
620281,Carrier Global Corporation,414,0.3989246247768186,0.1279579477602895,0.4731174280848984,0.2709666770165291,0.5260063634236789,0.11594202898550725,0.5,0.38405797101449274,0.10628019323671498,0.38164251207729466
675577,"Bed Bath & Beyond, Inc.",1370,0.1820131123436438,0.09387669466286354,0.724110189833454,0.08813641768078027,0.34496336225649626,0.06496350364963503,0.8102189781021898,0.12481751824817518,0.060583941605839416,0.12043795620437957
738400,"Synchronoss Technologies, Inc.",114,0.4696498718521182,0.10149498133544337,0.42885514706569283,0.3681548905166748,0.5315680324835844,0.07894736842105263,0.4298245614035088,0.49122807017543857,0.07894736842105263,0.4824561403508772
763109,D-Wave Quantum Inc.,262,0.32591904879668515,0.09125965554800368,0.5828213017888879,0.23465939324868146,0.45400771273439694,0.07633587786259542,0.6183206106870229,0.3053435114503817,0.06870229007633588,0.29770992366412213
851282,Turtle Beach Corporation,192,0.5216515779029578,0.06482742133327217,0.41352099474655307,0.4568241565696856,0.46346024660123275,0.041666666666666664,0.4270833333333333,0.53125,0.036458333333333336,0.53125
867124,Telos Corporation,216,0.3343937740514607,0.09463457433998378,0.5709716453803358,0.2397591997114769,0.47001787909669773,0.08333333333333333,0.6018518518518519,0.3148148148148148,0.07407407407407407,0.3101851851851852
875505,Advantest Corporation,351,0.3331183984774852,0.08665513422769996,0.5802264660092713,0.24646326424978524,0.44002423627999837,0.05982905982905983,0.6239316239316239,0.3162393162393162,0.05698005698005698,0.31054131054131057
882937,Nidec Corporation,639,0.2561421855841071,0.06861242698141154,0.675245387430109,0.18752975860269558,0.37270457396882734,0.04538341158059468,0.7402190923317684,0.21439749608763695,0.04225352112676056,0.20970266040688576
934467,NXP Semiconductors N.V.,345,0.23426703745229305,0.23957787566831795,0.5261550878808983,-0.005310838216024897,0.5245177260602704,0.2289855072463768,0.5768115942028985,0.19420289855072465,0.21739130434782608,0.1826086956521739
969374,"Vertex, Inc.",375,0.39069494024664164,0.07389224785814683,0.5354128141999245,0.3168026923884948,0.42801471871205493,0.056,0.5786666666666667,0.36533333333333334,0.05333333333333334,0.36
1027055,"Verisk Analytics, Inc.",272,0.42089810416013385,0.06930087384535,0.5098010211333852,0.35159723031478385,0.44401813601712087,0.058823529411764705,0.5441176470588235,0.39705882352941174,0.05514705882352941,0.39705882352941174
1043391,"Applied Optoelectronics, Inc.",175,0.44747748623469047,0.12690335772665484,0.42561915460973976,0.3205741285080356,0.5527808582427763,0.11428571428571428,0.4342857142857143,0.4514285714285714,0.11428571428571428,0.44571428571428573
1054561,Bandwidth Inc.,240,0.41548529607243834,0.04325728489590498,0.5412574191344902,0.37222801117653337,0.4063573771836482,0.016666666666666666,0.6,0.38333333333333336,0.016666666666666666,0.37916666666666665
1265495,"Upland Software, Inc.",103,0.39270142905269434,0.1650617345760676,0.4422368357337794,0.22763969447662674,0.5871504764899009,0.1553398058252427,0.46601941747572817,0.3786407766990291,0.1553398058252427,0.3592233009708738
1303244,Flutter Entertainment plc,293,0.46450469934988653,0.056206056220399744,0.4792892474000924,0.40829864312948677,0.44206147351287156,0.030716723549488054,0.5187713310580204,0.45051194539249145,0.027303754266211604,0.447098976109215
1342547,Tucows Inc.,198,0.36797644493330006,0.17884203357236328,0.4531815194129718,0.18913441136093678,0.6157029962952725,0.16161616161616163,0.4696969696969697,0.3686868686868687,0.16161616161616163,0.36363636363636365
1462309,"Skyworks Solutions, Inc.",267,0.4276508563686483,0.12528038058213695,0.44706876380264426,0.3023704757865114,0.5332860514362611,0.11610486891385768,0.4606741573033708,0.4232209737827715,0.10861423220973783,0.41947565543071164
1717518,Verint Systems Inc.,229,0.37053069739915656,0.0439223370974371,0.5855469650641799,0.32660836030171947,0.4007648182515477,0.017467248908296942,0.62882096069869,0.3537117903930131,0.017467248908296942,0.34934497816593885
2146380,"TruBridge, Inc.",229,0.4900775002437648,0.0823683995513579,0.4275540989461684,0.4077091006924069,0.4867473557935379,0.06550218340611354,0.4410480349344978,0.49344978165938863,0.06550218340611354,0.4890829694323144
2672153,Silicon Motion Technology Corporation,248,0.5088398437815598,0.08647659906907187,0.4046835572376186,0.42236324471248793,0.5167823375063364,0.06854838709677419,0.3951612903225806,0.5362903225806451,0.06854838709677419,0.5362903225806451
2689126,"Fortinet, Inc.",332,0.3996891051149332,0.05134364391581705,0.5489672504068094,0.3483454611991162,0.42260305930222275,0.030120481927710843,0.5813253012048193,0.3885542168674699,0.024096385542168676,0.3855421686746988
2829085,"Guidewire Software, Inc.",310,0.4023972917678616,0.0463847205178031,0.5512179868656301,0.3560125712500585,0.388716787559099,0.01935483870967742,0.5838709677419355,0.3967741935483871,0.01935483870967742,0.3774193548387097
3051626,"Monolithic Power Systems, Inc.",223,0.198177027453422,0.08398551537108194,0.7178374603390694,0.11419151208234007,0.3668788280225992,0.05829596412556054,0.7892376681614349,0.15246636771300448,0.04932735426008968,0.14349775784753363
3352516,Fabrinet,203,0.41087976182476055,0.0763088293703906,0.5128114073596931,0.3345709324543699,0.4571545448354558,0.04926108374384237,0.5369458128078818,0.41379310344827586,0.04926108374384237,0.39408866995073893
3418091,Cavotec Group AB,306,0.35175886108947835,0.05520200743066037,0.5930391278215288,0.29655685365881795,0.40510622507453703,0.032679738562091505,0.6241830065359477,0.3431372549019608,0.029411764705882353,0.33986928104575165
3563673,Applied Digital Corporation,177,0.3230482488554918,0.07362397992194204,0.603327772764247,0.24942426893354977,0.43314365577968605,0.05084745762711865,0.6440677966101694,0.3050847457627119,0.05084745762711865,0.2994350282485876
3597563,"CEVA, Inc.",218,0.47140459076996993,0.07341021537532978,0.4551851947603901,0.39799437539464017,0.49200287527219005,0.06422018348623854,0.44954128440366975,0.48623853211009177,0.05963302752293578,0.48623853211009177
3720301,"Ultra Clean Holdings, Inc.",136,0.40596139680265503,0.11189239054425236,0.4821462132214733,0.29406900625840265,0.5106029781956615,0.09558823529411764,0.5,0.40441176470588236,0.08823529411764706,0.40441176470588236
4038384,Billerud AB (publ),279,0.35765398448119506,0.21051056923237912,0.4318354441367063,0.14714341524881594,0.5933303329475056,0.21505376344086022,0.44086021505376344,0.34408602150537637,0.20430107526881722,0.33691756272401435
4069597,First Advantage Corporation,322,0.37931394905881577,0.1081078650779814,0.5125781848841573,0.27120608398083434,0.4866242760432121,0.09316770186335403,0.546583850931677,0.36024844720496896,0.08695652173913043,0.35403726708074534
4245259,"Allegro MicroSystems, Inc.",289,0.3543884984691302,0.12938316273712472,0.5162283374048177,0.22500533573200546,0.517117155515935,0.10380622837370242,0.5501730103806228,0.3460207612456747,0.09688581314878893,0.32525951557093424
4593731,"First Solar, Inc.",334,0.2941444691000116,0.18874602839713192,0.5171095037520557,0.10539844070287968,0.5326500603318348,0.17365269461077845,0.5508982035928144,0.2754491017964072,0.16467065868263472,0.27245508982035926
4639940,"Arteris, Inc.",176,0.32917597101450985,0.11068144918747501,0.5601425798906182,0.21849452182703483,0.4780410277634182,0.09090909090909091,0.6079545454545454,0.30113636363636365,0.08522727272727272,0.29545454545454547
4773318,"EPAM Systems, Inc.",339,0.4285092458766294,0.10483806982367219,0.46665268366645396,0.32367117605295725,0.5136586597525323,0.0855457227138643,0.49557522123893805,0.41887905604719766,0.08259587020648967,0.41887905604719766
6296436,Materialise NV,268,0.36712128053586096,0.10572411997396666,0.5271545990870626,0.2613971605618943,0.49585742385918197,0.08955223880597014,0.5597014925373134,0.35074626865671643,0.08955223880597014,0.35074626865671643
6370267,TELUS International (Cda) Inc.,361,0.43693550657790536,0.03650467720403854,0.5265598139516658,0.4004308293738668,0.3914561431444357,0.0221606648199446,0.5429362880886427,0.43490304709141275,0.019390581717451522,0.4265927977839335
6479558,"Super Micro Computer, Inc.",264,0.3820507260829662,0.07696474752932166,0.5409845271444117,0.3050859785536445,0.4450370110790692,0.056818181818181816,0.5871212121212122,0.3560606060606061,0.056818181818181816,0.3560606060606061
6491418,"Five9, Inc.",331,0.3538839001985115,0.0676073355240089,0.5785087646967154,0.2862765646745026,0.43650437693220173,0.04833836858006042,0.6314199395770392,0.3202416918429003,0.04833836858006042,0.31722054380664655
6512739,Appian Corporation,277,0.3339217149581935,0.09249716340849977,0.5735811230555069,0.24142455154969375,0.4599682978525071,0.06859205776173286,0.6028880866425993,0.3285198555956679,0.06859205776173286,0.3285198555956679
6939353,Cellebrite DI Ltd.,306,0.445463633569554,0.046575375680440394,0.5079609893956313,0.3988882578891136,0.4097957154815535,0.02287581699346405,0.5294117647058824,0.4477124183006536,0.016339869281045753,0.4411764705882353
7682403,"Bridgeline Digital, Inc.",199,0.32372231205373103,0.09731647182237263,0.5789612168212183,0.2264058402313584,0.44070495504609497,0.08542713567839195,0.6231155778894473,0.2914572864321608,0.08040201005025126,0.2864321608040201
7939542,Alpha and Omega Semiconductor Limited,203,0.3840377785063583,0.17779462733604198,0.43816759190499194,0.2062431511703163,0.5656968180820614,0.17733990147783252,0.42857142857142855,0.39408866995073893,0.1724137931034483,0.3842364532019704
8058229,WISeKey International Holding AG,214,0.3159901094427071,0.0726867341218847,0.6113231609897497,0.2433033753208224,0.4280298494869539,0.0514018691588785,0.6635514018691588,0.2850467289719626,0.0514018691588785,0.2803738317757009
9495375,"SoundThinking, Inc.",168,0.46740356656456633,0.10148305544862524,0.4311133813489938,0.3659205111159411,0.5091296579762723,0.08928571428571429,0.44642857142857145,0.4642857142857143,0.08928571428571429,0.4523809523809524
9650326,"GSI Technology, Inc.",100,0.3354652146715671,0.18575587064493448,0.47877890915609894,0.1497093440266326,0.562903570800175,0.18,0.52,0.3,0.18,0.29
9817309,"DocuSign, Inc.",400,0.4623921185801737,0.061365722463233394,0.4762421593721956,0.4010263961169403,0.44595092449248885,0.0375,0.4875,0.475,0.0375,0.47
11677383,"LegalZoom.com, Inc.",336,0.3274225830613259,0.12052581702924467,0.5520516000355461,0.20689676603208118,0.4907290150079172,0.09821428571428571,0.6160714285714286,0.2857142857142857,0.09821428571428571,0.28273809523809523
13398355,"Vislink Technologies, Inc.",140,0.4818018811156175,0.1451559079378577,0.37304220889428896,0.3366459731777598,0.5933553096766793,0.1357142857142857,0.37857142857142856,0.4857142857142857,0.1357142857142857,0.4785714285714286
13610016,Vuzix Corporation,187,0.38754438885542397,0.10800236082302138,0.5044532466311267,0.27954202803240263,0.5176463453240526,0.0962566844919786,0.5080213903743316,0.39572192513368987,0.0962566844919786,0.39572192513368987
20344586,"Himax Technologies, Inc.",266,0.41680426896668804,0.17350517036883453,0.40969056017430766,0.24329909859785348,0.5921755611578712,0.16541353383458646,0.42857142857142855,0.40601503759398494,0.16165413533834586,0.40601503759398494
20726037,YouGov plc,427,0.32333992005694456,0.05657245055717837,0.6200876265013944,0.2667674694997662,0.3807655686989634,0.02810304449648712,0.6768149882903981,0.29508196721311475,0.0234192037470726,0.2927400468384075
21813301,"Varonis Systems, Inc.",291,0.3278150306166473,0.09037563442876659,0.5818093338200369,0.2374393961878807,0.4388532907867657,0.07903780068728522,0.6219931271477663,0.29896907216494845,0.07216494845360824,0.29553264604810997
22816801,"Ambarella, Inc.",285,0.31573639152931016,0.10859827374908747,0.575665335912715,0.2071381177802227,0.44949147236508624,0.09473684210526316,0.6280701754385964,0.2771929824561403,0.08070175438596491,0.2736842105263158
22967487,"ServiceNow, Inc.",389,0.3763339452033714,0.042424397116914814,0.5812416576318309,0.33390954808645656,0.3781010338253383,0.02313624678663239,0.6401028277634961,0.33676092544987146,0.02056555269922879,0.33676092544987146
23374622,"MaxLinear, Inc.",274,0.3696287876610257,0.10031336920852535,0.5300578437473652,0.26931541845250034,0.4833452230591326,0.07664233576642336,0.5693430656934306,0.354014598540146,0.07664233576642336,0.35036496350364965
23442750,"Shutterstock, Inc.",237,0.5087111036525057,0.0660192809275937,0.4252696095961873,0.442691822724912,0.46009673355777114,0.05063291139240506,0.41350210970464135,0.5358649789029536,0.05063291139240506,0.5316455696202531
23813923,SiTime Corporation,170,0.40614190754097174,0.06031208870768109,0.5335459997713128,0.34582981883329067,0.4502451553863376,0.041176470588235294,0.5823529411764706,0.3764705882352941,0.041176470588235294,0.3764705882352941
23815047,"Workday, Inc.",352,0.42298865293427795,0.07512040349220941,0.5018909393931442,0.3478682494420685,0.4504416897965706,0.056818181818181816,0.5142045454545454,0.4289772727272727,0.056818181818181816,0.42329545454545453
24734352,"A10 Networks, Inc.",162,0.4464944815205663,0.08742161489229787,0.46608390629774443,0.35907286662826843,0.4908404851978189,0.07407407407407407,0.47530864197530864,0.4506172839506173,0.06790123456790123,0.4506172839506173
25016048,Broadcom Inc.,274,0.3172823859031999,0.10150150959991788,0.5812161100933152,0.215780876303282,0.4811718308815072,0.072992700729927,0.6423357664233577,0.2846715328467153,0.072992700729927,0.28102189781021897
25460099,"Palo Alto Networks, Inc.",463,0.4154593294102208,0.04846432738782552,0.536076344010575,0.36699500202239527,0.4184779002252558,0.03023758099352052,0.5701943844492441,0.39956803455723544,0.02591792656587473,0.39740820734341253
26878585,Vianet Group plc,286,0.36971729632688466,0.05352829804096918,0.5767544048831804,0.31618899828591546,0.4086675584266692,0.03146853146853147,0.6083916083916084,0.36013986013986016,0.03146853146853147,0.3531468531468531
27629813,"HubSpot, Inc.",376,0.3953471125049041,0.052828532786039197,0.5518243546558029,0.3425185797188649,0.41444359835445627,0.02925531914893617,0.5824468085106383,0.3882978723404255,0.02925531914893617,0.3776595744680851
28543927,Bloom Energy Corporation,370,0.31242162888567593,0.0723754509364733,0.6152029168741727,0.24004617794920263,0.40520996352903005,0.05405405405405406,0.6648648648648648,0.2810810810810811,0.051351351351351354,0.2756756756756757
28748353,"SoundHound AI, Inc.",443,0.39342957198867917,0.04065313198525904,0.565917299341402,0.3527764400034201,0.39641145848233444,0.024830699774266364,0.6027088036117382,0.3724604966139955,0.022573363431151242,0.3724604966139955
29510794,"Procore Technologies, Inc.",320,0.37161154692585113,0.0721889653490507,0.5561994884628803,0.29942258157680046,0.4392805868778074,0.053125,0.5875,0.359375,0.05,0.35625
29762552,Canadian Solar Inc.,334,0.30068563252637265,0.09563249849552612,0.6036818734855353,0.20505313403084652,0.4552828141632104,0.07784431137724551,0.6437125748502994,0.27844311377245506,0.0748502994011976,0.2754491017964072
29927936,"Reddit, Inc.",482,0.3265636824264628,0.04182953848716073,0.6316067797452583,0.2847341439393021,0.36376229361984647,0.014522821576763486,0.6991701244813278,0.2863070539419087,0.014522821576763486,0.2842323651452282
30028982,"Aviat Networks, Inc.",197,0.3590642865629025,0.21323469078622115,0.42770102259887355,0.14582959577668136,0.6191128502608296,0.20304568527918782,0.4365482233502538,0.3604060913705584,0.19796954314720813,0.3604060913705584
30118868,"AvePoint, Inc.",240,0.4611487853263194,0.09025960626701514,0.4485916073705691,0.3708891790593043,0.48792128469443496,0.075,0.4791666666666667,0.44583333333333336,0.07083333333333333,0.43333333333333335
30663855,Wayfair Inc.,427,0.3142470009624958,0.0956643597545665,0.5900886405730484,0.2185826412079293,0.4384451194512173,0.07494145199063232,0.6487119437939111,0.27634660421545665,0.06557377049180328,0.27400468384074944
32789865,Roblox Corporation,326,0.3757321295225593,0.03968875121148132,0.5845791150992907,0.33604337831107794,0.3860672570094374,0.018404907975460124,0.6196319018404908,0.3619631901840491,0.018404907975460124,0.3619631901840491
33348547,"Arista Networks, Inc.",330,0.30692374422497143,0.07120219056748531,0.621874060828916,0.23572155365748612,0.41637021634577315,0.045454545454545456,0.6696969696969697,0.28484848484848485,0.04242424242424243,0.2818181818181818
33414482,Veeva Systems Inc.,393,0.2312865870016563,0.06959769359266067,0.6991157203334509,0.16168889340899562,0.3447502432970785,0.043256997455470736,0.7786259541984732,0.178117048346056,0.04071246819338423,0.17302798982188294
34792193,Beam Global,401,0.29012559926104814,0.1295505915013632,0.5803238091981062,0.16057500775968495,0.47015332474146,0.10972568578553615,0.6359102244389028,0.2543640897755611,0.10224438902743142,0.24937655860349128
36397912,"PubMatic, Inc.",336,0.46095292127574794,0.04986345812184958,0.48918361848475234,0.4110894631538984,0.42018358597387573,0.02976190476190476,0.5089285714285714,0.46130952380952384,0.026785714285714284,0.4523809523809524
37502896,"Magnite, Inc.",337,0.35705765415237284,0.08058799131157136,0.562354358217129,0.27646966284080143,0.4511210089772305,0.05637982195845697,0.6053412462908012,0.33827893175074186,0.05637982195845697,0.3323442136498516
39088201,Atomera Incorporated,257,0.3279312705831305,0.08398258201016932,0.5880861455313716,0.24394868857296118,0.4335804381277779,0.07392996108949416,0.6342412451361867,0.2918287937743191,0.0622568093385214,0.2918287937743191
39461021,"SolarEdge Technologies, Inc.",446,0.27965131526783676,0.1714177009839598,0.5489309865192014,0.10823361428387697,0.49824506942420227,0.15695067264573992,0.594170403587444,0.24887892376681614,0.13901345291479822,0.23766816143497757
40485464,"Enphase Energy, Inc.",599,0.2874023030148213,0.11538378140641896,0.597213912571785,0.1720185216084023,0.45975608336235757,0.1001669449081803,0.6510851419031719,0.24874791318864775,0.09849749582637729,0.24207011686143573
43580005,Palantir Technologies Inc.,320,0.35790408357861453,0.06306664659496164,0.5790292673424119,0.2948374369836529,0.4279551919543861,0.034375,0.634375,0.33125,0.034375,0.325
44263730,"Q2 Holdings, Inc.",300,0.4702652311480294,0.07385313893202693,0.45588162685434025,0.39641209221600243,0.48086084533684903,0.05333333333333334,0.47333333333333333,0.47333333333333333,0.05,0.47333333333333333
44299616,"AppFolio, Inc.",119,0.5164327214221556,0.12570744347875984,0.35785983131901056,0.3907252779433958,0.571571065424099,0.11764705882352941,0.31932773109243695,0.5630252100840336,0.1092436974789916,0.5546218487394958
44459532,"Grid Dynamics Holdings, Inc.",472,0.31516901401297776,0.05691274666322111,0.6279182392724995,0.2582562673497566,0.390332504132762,0.03389830508474576,0.6885593220338984,0.2775423728813559,0.03389830508474576,0.2733050847457627
45534830,"Eventbrite, Inc.",195,0.4177376967950318,0.11743241072608493,0.4648298877363022,0.3003052860689469,0.538002227360683,0.1076923076923077,0.49230769230769234,0.4,0.10256410256410256,0.4
46271970,Digimarc Corporation,228,0.25159887297961275,0.13555386358577953,0.6128472620376239,0.11604500939383318,0.4543803039581516,0.10964912280701754,0.6666666666666666,0.2236842105263158,0.10964912280701754,0.21929824561403508
46365772,Autohome Inc.,183,0.47256253273455334,0.14808477013234478,0.37935269744608735,0.32447776260220856,0.5926080146519253,0.14207650273224043,0.3770491803278688,0.4808743169398907,0.14207650273224043,0.47540983606557374
46422711,"BlackLine, Inc.",367,0.46544804242604515,0.04824280635547654,0.48630915259896734,0.41720523607056864,0.4190970703716453,0.02452316076294278,0.5122615803814714,0.46321525885558584,0.02452316076294278,0.4604904632152589
49093148,"Dropbox, Inc.",224,0.3513610920261791,0.1347387113180178,0.5139001950031213,0.21662238070816134,0.515335137968132,0.12053571428571429,0.5491071428571429,0.33035714285714285,0.11607142857142858,0.33035714285714285
49547584,"JinkoSolar Holding Co., Ltd.",134,0.3547977037005015,0.17268260492971027,0.4725196877244248,0.18211509877079124,0.5780432506674384,0.17164179104477612,0.48507462686567165,0.34328358208955223,0.17164179104477612,0.3358208955223881
49548455,Wix.com Ltd.,266,0.5534561660098738,0.03929149008468073,0.40725234397371907,0.5141646759251931,0.41619746402416874,0.022556390977443608,0.40977443609022557,0.5676691729323309,0.018796992481203006,0.5676691729323309
52034495,Nebius Group N.V.,418,0.2598622773003065,0.03347901375429553,0.7066587068666326,0.22638326354601096,0.3062792954582454,0.011961722488038277,0.7799043062200957,0.20813397129186603,0.009569377990430622,0.20813397129186603
53507768,Twilio Inc.,341,0.3927126686700519,0.08195261449533954,0.5253347167854479,0.3107600541747123,0.46899497514597066,0.06451612903225806,0.5659824046920822,0.36950146627565983,0.06451612903225806,0.36950146627565983
59320819,"Yext, Inc.",172,0.28053120442471186,0.10454697206583914,0.6149218270316893,0.17598423235887273,0.4260761857622393,0.0872093023255814,0.6569767441860465,0.2558139534883721,0.08139534883720931,0.2558139534883721
59692786,"Expensify, Inc.",191,0.30802811523753154,0.06727009608424928,0.6247017878785496,0.2407580191532823,0.4015960603993268,0.041884816753926704,0.6910994764397905,0.2670157068062827,0.041884816753926704,0.2670157068062827
60309355,Ondas Inc.,332,0.46256192236246696,0.07581947790739317,0.46161859914245285,0.38674244445507383,0.47733220721777214,0.06927710843373494,0.46987951807228917,0.4608433734939759,0.06927710843373494,0.4608433734939759
61344787,"Cardlytics, Inc.",231,0.48794202801662606,0.09733982292483702,0.4147181474841583,0.39060220509178906,0.5251458716058135,0.08658008658008658,0.4025974025974026,0.5108225108225108,0.08658008658008658,0.5021645021645021
62400334,Similarweb Ltd.,187,0.4145396542561086,0.036069737483353854,0.5493906065224008,0.37846991677275477,0.3942246226739047,0.016042780748663103,0.5614973262032086,0.42245989304812837,0.016042780748663103,0.42245989304812837
73957391,Integral Ad Science Holding Corp.,273,0.48188470501193414,0.0792492302492834,0.43886606435499564,0.40263547476265077,0.4864860278261995,0.06593406593406594,0.43956043956043955,0.4945054945054945,0.06593406593406594,0.4945054945054945
75963230,Workiva Inc.,347,0.41322795002552165,0.04061824282744003,0.5461538069658732,0.3726097071980816,0.40092396123527113,0.023054755043227664,0.5994236311239193,0.37752161383285304,0.023054755043227664,0.37752161383285304
78749412,Generac Holdings Inc.,399,0.40539310751646235,0.14931466965410942,0.44529222233459015,0.2560784378623529,0.5371673320371261,0.12781954887218044,0.49373433583959897,0.37844611528822053,0.12280701754385964,0.37343358395989973
81686581,"Life360, Inc.",476,0.30220973192510675,0.0852963610673558,0.6124939079897306,0.21691337085775092,0.421487394330826,0.052521008403361345,0.6953781512605042,0.25210084033613445,0.052521008403361345,0.24789915966386555
81838153,"Asana, Inc.",378,0.4457911744334356,0.07186656544310233,0.48234226057926816,0.37392460899033325,0.457826247002311,0.05291005291005291,0.5052910052910053,0.4417989417989418,0.047619047619047616,0.43915343915343913
81851700,"Cloudflare, Inc.",341,0.4161872273963764,0.09823887790840043,0.4855738963789779,0.31794834948797596,0.48947818183492964,0.08211143695014662,0.49853372434017595,0.41935483870967744,0.07624633431085044,0.41055718475073316
83920810,"Block, Inc.",273,0.4462726080565007,0.03492072920209213,0.5188066632224199,0.4113518788544086,0.3877709260779923,0.018315018315018316,0.5311355311355311,0.45054945054945056,0.014652014652014652,0.4468864468864469
84159238,Shopify Inc.,460,0.3446896864992121,0.06958115410120429,0.5857291555376318,0.2751085323980078,0.4153255758758101,0.05217391304347826,0.6413043478260869,0.3065217391304348,0.04782608695652174,0.30217391304347824
84196527,Daqo New Energy Corp.,184,0.19584695330780486,0.24692974343349267,0.5572233053187475,-0.05108279012568781,0.5137148997678033,0.23369565217391305,0.6141304347826086,0.15217391304347827,0.22826086956521738,0.15217391304347827
98730515,ThredUp Inc.,205,0.4852199071314095,0.09490154354901212,0.4198785455215995,0.39031836358239735,0.5099389408705135,0.07804878048780488,0.43902439024390244,0.48292682926829267,0.07804878048780488,0.47317073170731705
99942756,"The Trade Desk, Inc.",445,0.31436860666013833,0.09644724606232864,0.5891841455812702,0.21792136059780973,0.4343142116774492,0.06741573033707865,0.6494382022471911,0.28314606741573034,0.06292134831460675,0.2786516853932584
105613224,"Thermon Group Holdings, Inc.",211,0.44285656246952537,0.16561179139134938,0.3915316417627919,0.27724477107817597,0.6143398083450405,0.16113744075829384,0.3933649289099526,0.44549763033175355,0.16113744075829384,0.44075829383886256
105664036,Lightspeed Commerce Inc.,291,0.46343011705723314,0.059445601079894606,0.47712428492407516,0.40398451597733853,0.4549240978469844,0.044673539518900345,0.4948453608247423,0.46048109965635736,0.041237113402061855,0.4536082474226804
105773546,"Sprout Social, Inc.",205,0.43872811445830073,0.04143044750047166,0.519841439440483,0.39729766695782903,0.408030160737374,0.024390243902439025,0.5463414634146342,0.4292682926829268,0.024390243902439025,0.4292682926829268
105810806,"Vimeo.com, Inc.",129,0.33812704052804976,0.06536030732889393,0.5965126535689184,0.27276673319915584,0.3977222449856489,0.046511627906976744,0.6511627906976745,0.3023255813953488,0.046511627906976744,0.3023255813953488
106486370,"Backblaze, Inc.",197,0.4150029659119959,0.0727735456353441,0.5122234854223159,0.3422294202766518,0.4552610079577734,0.06091370558375635,0.5228426395939086,0.41624365482233505,0.050761421319796954,0.41624365482233505
106842888,"Alkami Technology, Inc.",290,0.35333732041562427,0.054798451266733224,0.5918642297065977,0.29853886914889105,0.4071986538158316,0.03103448275862069,0.6344827586206897,0.33448275862068966,0.03103448275862069,0.3310344827586207
108788945,"Phunware, Inc.",284,0.24782340964761523,0.08049725381736185,0.6716793375286523,0.1673261558302534,0.37184817385638347,0.06338028169014084,0.7394366197183099,0.19718309859154928,0.05985915492957746,0.19718309859154928
109373551,"Okta, Inc.",533,0.26196913029753915,0.060989898191782424,0.6770409748104959,0.20097923210575674,0.3652590458267074,0.03377110694183865,0.7410881801125704,0.225140712945591,0.03189493433395872,0.225140712945591
111528632,"Pure Storage, Inc.",330,0.34679029664927813,0.07920629435472867,0.5740034086375752,0.26758400229454943,0.43602420526350255,0.06363636363636363,0.6181818181818182,0.3181818181818182,0.05757575757575758,0.31212121212121213
115222699,Viant Technology Inc.,294,0.45101544587258374,0.049650789976601495,0.4993337661116606,0.40136465589598225,0.4267623676798172,0.023809523809523808,0.5238095238095238,0.4523809523809524,0.023809523809523808,0.445578231292517
115620169,Vipshop Holdings Limited,193,0.42262511332688246,0.16824709366128776,0.40912778990179144,0.2543780196655947,0.5448767437879825,0.16580310880829016,0.39378238341968913,0.44041450777202074,0.16062176165803108,0.43523316062176165
116060746,"PagerDuty, Inc.",344,0.4563916354050297,0.06421019836074435,0.47939816500645044,0.3921814370442853,0.44196225706905584,0.0377906976744186,0.5087209302325582,0.45348837209302323,0.0377906976744186,0.4476744186046512
118171469,"Health Catalyst, Inc.",393,0.4294457945110082,0.07724366050436335,0.4933105475262149,0.35220213400664485,0.458019690583988,0.06615776081424936,0.5063613231552163,0.42748091603053434,0.061068702290076333,0.4223918575063613
126751161,"Nutanix, Inc.",341,0.29602501488664895,0.08836746702511464,0.6156075241759725,0.20765754786153431,0.40592171575884994,0.06451612903225806,0.6891495601173021,0.24633431085043989,0.05571847507331378,0.2375366568914956
128585388,"Doximity, Inc.",327,0.4035941458076512,0.05341413107897164,0.5429917217918675,0.35018001472867955,0.4031016977092183,0.021406727828746176,0.5963302752293578,0.382262996941896,0.021406727828746176,0.382262996941896
133833909,"Shoals Technologies Group, Inc.",402,0.3453801504651372,0.12142539078796014,0.5331944581561383,0.22395475967717704,0.47853030969672555,0.09950248756218906,0.5597014925373134,0.3407960199004975,0.0945273631840796,0.3308457711442786
134031691,Xunlei Limited,106,0.39420786335677754,0.25730184780187765,0.34849028604737714,0.13690601555489987,0.6605825837711075,0.2830188679245283,0.330188679245283,0.3867924528301887,0.2830188679245283,0.3867924528301887
134231191,"Marqeta, Inc.",345,0.3179757169717788,0.1494878042259834,0.532536476213431,0.1684879127457954,0.5165945388958708,0.13043478260869565,0.5884057971014492,0.2811594202898551,0.12753623188405797,0.2753623188405797
134521275,"Datadog, Inc.",355,0.3671802881803416,0.06458012123238033,0.5682395922885815,0.30260016694796127,0.4179028235014233,0.036619718309859155,0.6225352112676056,0.3408450704225352,0.036619718309859155,0.3408450704225352
138672527,"MACOM Technology Solutions Holdings, Inc.",351,0.43146808600408737,0.114624014394915,0.4539078962577884,0.3168440716091724,0.5118318805587466,0.09686609686609686,0.48148148148148145,0.42165242165242167,0.09401709401709402,0.4188034188034188
139264388,"Pinterest, Inc.",360,0.5120734612793765,0.04687458612154134,0.4410519514232874,0.46519887515783515,0.42771205168631465,0.027777777777777776,0.44722222222222224,0.525,0.027777777777777776,0.525
139938259,"Nextdoor Holdings, Inc.",130,0.4631554230295408,0.064816534318603,0.4720280384358305,0.3983388887109378,0.4771414999734452,0.046153846153846156,0.4846153846153846,0.46923076923076923,0.046153846153846156,0.46923076923076923
140952960,"The Honest Company, Inc.",218,0.4834247297274137,0.052603880137871574,0.4639713923626263,0.4308208495895421,0.4380684182336837,0.03211009174311927,0.4908256880733945,0.47706422018348627,0.03211009174311927,0.47706422018348627
142659894,"Stitch Fix, Inc.",192,0.5359185340397138,0.06343422966407768,0.4006472403222385,0.4724843043756361,0.4902876213759847,0.052083333333333336,0.3802083333333333,0.5677083333333334,0.046875,0.5572916666666666
144816347,"Fastly, Inc.",298,0.4669094490006116,0.1493150326704619,0.38377552187920316,0.31759441633014973,0.5683804484677314,0.14429530201342283,0.3959731543624161,0.4597315436241611,0.13758389261744966,0.4463087248322148
153970398,Baozun Inc.,213,0.51671024679508,0.07326224659670127,0.4100275064989085,0.4434480001983788,0.5010572379290008,0.056338028169014086,0.4272300469483568,0.5164319248826291,0.056338028169014086,0.5164319248826291
208444566,NET Power Inc.,269,0.2866346212519423,0.04359718329242005,0.6697681987291153,0.24303743795952223,0.3434998989960467,0.022304832713754646,0.7472118959107806,0.23048327137546468,0.01858736059479554,0.23048327137546468
210235568,"Duolingo, Inc.",476,0.23950205920968487,0.05277159811729299,0.707726344419252,0.1867304610923919,0.31785169721018125,0.018907563025210083,0.7983193277310925,0.18277310924369747,0.012605042016806723,0.18277310924369747
212579473,JFrog Ltd.,291,0.32799720349545586,0.09084917766064457,0.581153613627213,0.23714802583481132,0.4450384680091589,0.06872852233676977,0.6219931271477663,0.30927835051546393,0.061855670103092786,0.30927835051546393
214992529,monday.com Ltd.,310,0.44192113412784473,0.07397764447415547,0.48410121729417194,0.3679434896536892,0.46135200485369415,0.05806451612903226,0.4967741935483871,0.44516129032258067,0.054838709677419356,0.44516129032258067
215125097,Hello Group Inc.,310,0.3724981615545168,0.26483967954352977,0.3626621604867039,0.10765848201098702,0.6795549481934435,0.267741935483871,0.3580645161290323,0.3741935483870968,0.26129032258064516,0.3741935483870968
222948413,JOYY Inc.,207,0.5544369685247649,0.1336962412547878,0.3118667924047812,0.420740727269977,0.5960362655972251,0.13526570048309178,0.2995169082125604,0.5652173913043478,0.13526570048309178,0.5652173913043478
223236753,"Zoom Communications, Inc.",413,0.33205405964807,0.04632320736600289,0.6216227337018955,0.2857308522820671,0.3812549822077712,0.024213075060532687,0.6682808716707022,0.3075060532687651,0.024213075060532687,0.29782082324455206
224101504,Elastic N.V.,421,0.38331217057295053,0.06770709974939035,0.5489807280572463,0.3156050708235602,0.43536825138667307,0.047505938242280284,0.5795724465558195,0.37292161520190026,0.047505938242280284,0.3681710213776722
224322448,Skillz Inc.,113,0.3098448175005615,0.1788528446454258,0.5113023313471173,0.13099197285513567,0.5404067748566856,0.1592920353982301,0.5398230088495575,0.3008849557522124,0.1504424778761062,0.2920353982300885
225024565,Nexxen International Ltd.,256,0.4779745285741228,0.05027015052473871,0.4717553218943067,0.4277043780493841,0.4406321422616194,0.03515625,0.48828125,0.4765625,0.03515625,0.4765625
226872615,"nCino, Inc.",372,0.35770264286447756,0.06462655606259021,0.5776707989248817,0.29307608680188735,0.40559624677459405,0.04838709677419355,0.6129032258064516,0.3387096774193548,0.0456989247311828,0.33602150537634407
228070761,"EVERTEC, Inc.",314,0.3922029328932926,0.12950951633025792,0.4782875499622837,0.26269341656303474,0.5402350155122795,0.10509554140127389,0.5127388535031847,0.3821656050955414,0.10509554140127389,0.37579617834394907
231651802,AppLovin Corporation,270,0.30489164931630647,0.03999727429235699,0.6551110734887146,0.26489437502394947,0.36278081031633047,0.018518518518518517,0.7296296296296296,0.2518518518518518,0.018518518518518517,0.24814814814814815
231691952,Science Applications International Corporation,224,0.421966948388477,0.07005546179009668,0.5079775981472007,0.3519114865983803,0.4545710840190589,0.049107142857142856,0.53125,0.41964285714285715,0.049107142857142856,0.41964285714285715
232496287,"Braze, Inc.",368,0.42678049408435903,0.08327963183957922,0.48993987314726994,0.3435008622447798,0.46449856826846964,0.07065217391304347,0.5054347826086957,0.42391304347826086,0.0625,0.41304347826086957
233445314,Endava plc,244,0.40394252687730814,0.1028217709924812,0.49323570125232463,0.3011207558848269,0.48411763473982067,0.09836065573770492,0.4918032786885246,0.4098360655737705,0.09016393442622951,0.4016393442622951
237245858,GlobalFoundries Inc.,388,0.35335607264075697,0.08141525885445479,0.5652286708306944,0.2719408137863022,0.45148874712788134,0.059278350515463915,0.5876288659793815,0.35309278350515466,0.059278350515463915,0.35051546391752575
241908542,Unity Software Inc.,232,0.31197412435671895,0.04296409667084186,0.6450617759456408,0.26901002768587706,0.3386578957434897,0.017241379310344827,0.728448275862069,0.2543103448275862,0.017241379310344827,0.2413793103448276
243657962,"NerdWallet, Inc.",271,0.4548179944667869,0.14225066608553444,0.40293133731354097,0.31256732838125245,0.5722190615602074,0.12915129151291513,0.42066420664206644,0.45018450184501846,0.12177121771217712,0.45018450184501846
243722644,"SentinelOne, Inc.",405,0.4729419022384617,0.05356920504091699,0.473488891651325,0.4193726971975447,0.43837935458221494,0.0345679012345679,0.5037037037037037,0.4617283950617284,0.03209876543209877,0.4617283950617284
244520896,Grindr Inc.,220,0.34112514231184665,0.05802016875029287,0.6008546919815919,0.2831049735615538,0.4113726218168464,0.03636363636363636,0.65,0.31363636363636366,0.03636363636363636,0.3090909090909091
246737890,"Dayforce, Inc.",347,0.39090959298604244,0.07108238899828034,0.5380080159463697,0.3198272039877621,0.44677186943451036,0.043227665706051875,0.5850144092219021,0.37175792507204614,0.040345821325648415,0.37175792507204614
246745834,Perion Network Ltd.,183,0.33549807535718534,0.13868447726266714,0.5258174482631227,0.19681359809451823,0.52032728987933,0.12568306010928962,0.5628415300546448,0.3114754098360656,0.12568306010928962,0.30601092896174864
247450223,"Porch Group, Inc.",316,0.36855654560377277,0.09995164287488766,0.5314918088732594,0.26860490272888515,0.4838542066597652,0.08860759493670886,0.5537974683544303,0.3575949367088608,0.08544303797468354,0.35443037974683544
247542783,"Amplitude, Inc.",350,0.36239963686359783,0.08614019384607673,0.5514601690960782,0.2762594430175211,0.4641404826351492,0.07142857142857142,0.5857142857142857,0.34285714285714286,0.07142857142857142,0.34
250281193,"TaskUs, Inc.",299,0.543667997093404,0.11745907090928244,0.3388729346698044,0.4262089261841216,0.5634805144421609,0.10367892976588629,0.3411371237458194,0.5551839464882943,0.10033444816053512,0.5518394648829431
252789627,"Blend Labs, Inc.",303,0.430401387695137,0.055872451311143316,0.5137261647097889,0.3745289363839937,0.4256373858107959,0.033003300330033,0.5511551155115512,0.4158415841584158,0.0297029702970297,0.40594059405940597
254225545,"Paycom Software, Inc.",200,0.34518964105285704,0.07815295951906592,0.5766573977889493,0.2670366815337911,0.4380249775646269,0.055,0.62,0.325,0.05,0.325
254355063,"CS Disco, Inc.",262,0.394540692919524,0.08440290961969103,0.5210564003347327,0.310137783299833,0.4741057394280438,0.06870229007633588,0.5419847328244275,0.3893129770992366,0.061068702290076333,0.38549618320610685
254517933,Sabre Corporation,208,0.4687742610650065,0.11291113087029842,0.41831460423642197,0.3558631301947081,0.5425312184938097,0.11538461538461539,0.4326923076923077,0.4519230769230769,0.10576923076923077,0.4519230769230769
254640431,"RideNow Group, Inc.",166,0.45174966969089697,0.14834680944030365,0.3999035183721817,0.3034028602505933,0.5864206415144296,0.13855421686746988,0.39156626506024095,0.46987951807228917,0.13855421686746988,0.463855421686747
254957567,Paylocity Holding Corporation,301,0.418330461554155,0.04455636194798836,0.5371131744433776,0.37377409960616664,0.3923772599415773,0.016611295681063124,0.5681063122923588,0.4152823920265781,0.013289036544850499,0.4152823920265781
257157780,"Weave Communications, Inc.",232,0.4812363640842799,0.040624392748778236,0.47813924774928984,0.4406119713355016,0.41031390721899236,0.021551724137931036,0.5172413793103449,0.46120689655172414,0.021551724137931036,0.45689655172413796
260426678,Weibo Corporation,216,0.49883176943856394,0.07815981024436446,0.42300842111688797,0.4206719591941995,0.5014200200257171,0.06481481481481481,0.4305555555555556,0.5046296296296297,0.06018518518518518,0.5046296296296297
265777695,GoDaddy Inc.,357,0.3754165175133476,0.055166228399129394,0.5694172549418876,0.3202502891142182,0.4061016805076226,0.028011204481792718,0.6218487394957983,0.35014005602240894,0.028011204481792718,0.35014005602240894
268296316,Nano Dimension Ltd.,195,0.17189752339648132,0.14069136869735444,0.6874111106475959,0.031206154699126878,0.38720860554780273,0.1076923076923077,0.7743589743589744,0.11794871794871795,0.1076923076923077,0.11282051282051282
269436565,"Veritone, Inc.",210,0.44790637724411986,0.11570643538476101,0.4363871832866044,0.33219994185935886,0.524498234416276,0.10476190476190476,0.43333333333333335,0.46190476190476193,0.1,0.45714285714285713
270093415,"Rigetti Computing, Inc.",236,0.32424714974664404,0.0797205372808217,0.5960323169464403,0.24452661246582233,0.41999801227339545,0.0635593220338983,0.6567796610169492,0.2796610169491525,0.059322033898305086,0.2796610169491525
270999467,"ZipRecruiter, Inc.",175,0.386928052042744,0.1739052557892033,0.43916669004197634,0.21302279625354067,0.589305862669574,0.1657142857142857,0.46285714285714286,0.37142857142857144,0.15428571428571428,0.3657142857142857
272054403,Lumentum Holdings Inc.,330,0.40293100783742514,0.07791074759072879,0.5191582474236687,0.32502026024669634,0.45595725182151003,0.05454545454545454,0.5636363636363636,0.38181818181818183,0.05454545454545454,0.38181818181818183
272762396,"Chewy, Inc.",319,0.4953132685373149,0.05402103362336381,0.4506656976889667,0.4412922349139511,0.43411517291798307,0.03134796238244514,0.45454545454545453,0.5141065830721003,0.03134796238244514,0.5141065830721003
275004592,Snowflake Inc.,341,0.35844466808495107,0.04192131368410596,0.5996340154519966,0.3165233544008451,0.3761053097622899,0.011730205278592375,0.6686217008797654,0.3196480938416422,0.011730205278592375,0.31378299120234604
276431142,"Confluent, Inc.",462,0.3525199532121807,0.05569900816318567,0.5917810391255723,0.29682094504899503,0.4067424728804924,0.030303030303030304,0.6341991341991342,0.3354978354978355,0.02813852813852814,0.3354978354978355
278860821,Kingsoft Cloud Holdings Limited,178,0.6275385892897677,0.04800179215367842,0.3244596211281553,0.5795367971360893,0.44757729083862957,0.033707865168539325,0.30337078651685395,0.6629213483146067,0.033707865168539325,0.6573033707865169
279346385,Zepp Health Corporation,198,0.47636729705081593,0.11418507309545847,0.40944763258419403,0.3621822239553575,0.5362374122388647,0.10606060606060606,0.41414141414141414,0.4797979797979798,0.10101010101010101,0.4797979797979798
285799345,D-Market Elektronik Hizmetler ve Ticaret A.S.,211,0.515205013124334,0.05351052955852301,0.43128445656237446,0.461694483565811,0.4552133308344584,0.03317535545023697,0.44075829383886256,0.5260663507109005,0.03317535545023697,0.5213270142180095
286753997,GitLab Inc.,356,0.3543945998738237,0.044003360633989484,0.6016020350880251,0.31039123923983425,0.37694300157847194,0.025280898876404494,0.6544943820224719,0.3202247191011236,0.025280898876404494,0.31741573033707865
289284240,"Rubrik, Inc.",331,0.4405681370248247,0.05223390471831729,0.5071979596299258,0.38833423230650743,0.42662229695975373,0.03927492447129909,0.5347432024169184,0.4259818731117825,0.030211480362537766,0.4259818731117825
291855394,Bilibili Inc.,240,0.5903991103094692,0.0300471307671008,0.37955375912521655,0.5603519795423684,0.3987061050170057,0.0125,0.3458333333333333,0.6416666666666667,0.0125,0.6416666666666667
302151977,"Alarm.com Holdings, Inc.",207,0.3709743091980544,0.07526201839842227,0.5537636746710913,0.2957122907996322,0.4423707204974737,0.05314009661835749,0.6038647342995169,0.34299516908212563,0.04830917874396135,0.34299516908212563
306401012,Navitas Semiconductor Corporation,261,0.3714725663225341,0.09246612838344556,0.5360613070085816,0.2790064379390886,0.4515419588909109,0.07662835249042145,0.5708812260536399,0.3524904214559387,0.06896551724137931,0.3524904214559387
308700964,"Toast, Inc.",252,0.4867073436681595,0.04233183806377744,0.4709608196059153,0.44437550560438205,0.42025105372479954,0.01984126984126984,0.48412698412698413,0.49603174603174605,0.01984126984126984,0.49603174603174605
310103275,"Klaviyo, Inc.",381,0.410429231994822,0.07512549941337562,0.5144452673439278,0.3353037325814464,0.4436661257345209,0.06036745406824147,0.5275590551181102,0.4120734908136483,0.05249343832020997,0.4094488188976378
328671450,"KULR Technology Group, Inc.",213,0.3962281553004759,0.08654082639081657,0.5172310168701858,0.30968732890965933,0.4817777058691126,0.07511737089201878,0.5446009389671361,0.38028169014084506,0.06572769953051644,0.3755868544600939
336308405,BlackSky Technology Inc.,243,0.4890941827646131,0.059942460136005175,0.45096336072502435,0.4291517226286079,0.44934243447940225,0.04526748971193416,0.4609053497942387,0.49382716049382713,0.04526748971193416,0.48559670781893005
339110510,"Rekor Systems, Inc.",257,0.47638831976873636,0.06383296252855242,0.4597787184437831,0.41255535724018394,0.4523768191198968,0.04669260700389105,0.45525291828793774,0.4980544747081712,0.042801556420233464,0.4980544747081712
343303132,"UiPath, Inc.",263,0.42372556097146846,0.03688277673160395,0.5393916591789446,0.3868427842398645,0.3936205854650892,0.019011406844106463,0.5513307984790875,0.4296577946768061,0.015209125475285171,0.4296577946768061
373723538,Clarivate Plc,255,0.2877226065661685,0.18300407063763807,0.5292733220164391,0.10471853592853043,0.526616353073961,0.17647058823529413,0.5686274509803921,0.2549019607843137,0.16862745098039217,0.23921568627450981
379289324,Arbe Robotics Ltd.,108,0.35107997055510404,0.09506738514001309,0.5538526516994117,0.256012585415091,0.47403562181310815,0.07407407407407407,0.6018518518518519,0.32407407407407407,0.07407407407407407,0.3148148148148148
379834366,Varex Imaging Corporation,321,0.34403670055507407,0.15340119492512114,0.502562107112131,0.1906355056299529,0.5361627922374325,0.13707165109034267,0.5327102803738317,0.3302180685358255,0.1308411214953271,0.32398753894080995
403751487,GDS Holdings Limited,239,0.312189575214578,0.07143004491699229,0.6163803787286312,0.24075953029758573,0.4196839150562452,0.058577405857740586,0.6736401673640168,0.26778242677824265,0.05439330543933055,0.26778242677824265
409540249,"Ichor Holdings, Ltd.",210,0.4250597821504232,0.09578684789705134,0.4791533696376497,0.3292729342533719,0.482290465605606,0.0761904761904762,0.5142857142857142,0.4095238095238095,0.07142857142857142,0.40476190476190477
419283817,"DigitalOcean Holdings, Inc.",323,0.42788650998816863,0.06852648528754111,0.5035870036069915,0.3593600247006275,0.448391002039572,0.05263157894736842,0.5479876160990712,0.3993808049535604,0.05263157894736842,0.39628482972136225
420347413,"CrowdStrike Holdings, Inc.",354,0.44769795725679834,0.09578784173065112,0.45651420114277785,0.3519101155261472,0.49332180655428803,0.08192090395480225,0.4548022598870056,0.4632768361581921,0.07344632768361582,0.4463276836158192
422612625,"OneStream, Inc.",278,0.41168738975651936,0.04019092321362373,0.5481216871420846,0.37149646654289564,0.37070570634753597,0.01079136690647482,0.5755395683453237,0.4136690647482014,0.01079136690647482,0.4028776978417266
424226705,"Aurora Innovation, Inc.",226,0.34829659292688675,0.07151766105522031,0.5801857478207851,0.27677893187166647,0.4282109048889186,0.048672566371681415,0.6150442477876106,0.336283185840708,0.04424778761061947,0.336283185840708
425007667,Upwork Inc.,228,0.4984158304430087,0.09188171057847508,0.40970245619680273,0.4065341198645336,0.5180793858023863,0.07456140350877193,0.39035087719298245,0.5350877192982456,0.07456140350877193,0.5307017543859649
428786517,"Rackspace Technology, Inc.",168,0.501705937381346,0.0849370428061645,0.4133570211817555,0.41676889457518146,0.5126272074246446,0.08333333333333333,0.4166666666666667,0.5,0.07738095238095238,0.5
429150870,"Penguin Solutions, Inc.",249,0.43259002272054614,0.10707872089028478,0.4603312550838214,0.32551130183026133,0.5180529507339792,0.08433734939759036,0.4859437751004016,0.42971887550200805,0.08032128514056225,0.42570281124497994
431096194,HUYA Inc.,161,0.5000145815555816,0.14595806758029398,0.354027351474401,0.35405651397528765,0.585115174179459,0.13664596273291926,0.34782608695652173,0.515527950310559,0.13664596273291926,0.5031055900621118
531207172,"IonQ, Inc.",195,0.3837855519488072,0.065807008332549,0.5504074386010568,0.31797854361625816,0.451375332368701,0.05128205128205128,0.5743589743589743,0.37435897435897436,0.046153846153846156,0.37435897435897436
542359809,Tuya Inc.,230,0.41720483152033844,0.04369500135881421,0.5391001697953628,0.3735098301615242,0.4067643111723297,0.017391304347826087,0.5608695652173913,0.4217391304347826,0.017391304347826087,0.41304347826086957
543630982,Jamf Holding Corp.,237,0.438678691026122,0.09092904809461552,0.4703922590893155,0.34774964293150645,0.49756136418951014,0.08016877637130802,0.46835443037974683,0.45147679324894513,0.0759493670886076,0.4388185654008439
547797906,PagSeguro Digital Ltd.,286,0.41466754900252484,0.057615803084108276,0.5277166483025034,0.3570517459184166,0.4475501559187077,0.027972027972027972,0.5699300699300699,0.4020979020979021,0.027972027972027972,0.4020979020979021
551557511,"OneConnect Financial Technology Co., Ltd.",140,0.4460344033249255,0.1453355207606884,0.4086300761571952,0.3006988825642371,0.5732023676162774,0.15,0.38571428571428573,0.4642857142857143,0.15,0.45714285714285713
558103995,"Red Cat Holdings, Inc.",415,0.19136798782386336,0.06817602807745697,0.7404559850647866,0.12319195974640638,0.298681325329237,0.04096385542168675,0.8337349397590361,0.12530120481927712,0.04096385542168675,0.12289156626506025
558258765,"Astera Labs, Inc.",318,0.3709307598014532,0.039018796339525645,0.5900504441592116,0.33191196346192753,0.39318320440282134,0.012578616352201259,0.6289308176100629,0.3584905660377358,0.012578616352201259,0.3584905660377358
560353894,Full Truck Alliance Co. Ltd.,182,0.6588156202623805,0.07677152673560349,0.2644128558522725,0.582044093526777,0.5001385377086242,0.07142857142857142,0.24725274725274726,0.6813186813186813,0.07142857142857142,0.6758241758241759
572584066,Opera Limited,219,0.4473612383901052,0.05916778771121684,0.4934709767755716,0.3881934506788884,0.4495521135846368,0.045662100456621,0.5296803652968036,0.4246575342465753,0.0410958904109589,0.4246575342465753
576807508,"GoodRx Holdings, Inc.",316,0.36478751019686695,0.09461518902997663,0.5405973013979678,0.27017232116689033,0.4661662878026347,0.07911392405063292,0.5791139240506329,0.34177215189873417,0.0759493670886076,0.34177215189873417
579312452,Vertiv Holdings Co,409,0.37057760488560704,0.051957979806286705,0.5774644139088454,0.3186196250793203,0.41960103852667757,0.02444987775061125,0.6210268948655256,0.3545232273838631,0.02444987775061125,0.3471882640586797
583985474,"Revolve Group, Inc.",405,0.5108766694495708,0.10175824148212502,0.38736508739997205,0.40911842796744574,0.5169573978358003,0.08395061728395062,0.38765432098765434,0.528395061728395,0.07654320987654321,0.528395061728395
584499446,StoneCo Ltd.,352,0.3952141401611946,0.09391328613723586,0.5108725709433202,0.30130085402395873,0.4813422639494038,0.07670454545454546,0.5454545454545454,0.3778409090909091,0.07102272727272728,0.375
598954721,Arqit Quantum Inc.,193,0.3348216788524791,0.113069613333888,0.5521087018927376,0.22175206551859106,0.46982323693848727,0.10362694300518134,0.6113989637305699,0.2849740932642487,0.09844559585492228,0.27461139896373055
606126025,Jumia Technologies AG,211,0.49332286582120927,0.14012961370773366,0.36654752386530853,0.35319325211347563,0.5843137072223478,0.12796208530805686,0.36018957345971564,0.5118483412322274,0.12796208530805686,0.4976303317535545
607620390,Crown Electrokinetics Corp.,98,0.4938875112530528,0.08581250224604595,0.4202999926305243,0.4080750090070069,0.5027002042957033,0.07142857142857142,0.42857142857142855,0.5,0.07142857142857142,0.5
608737847,Rumble Inc.,732,0.19596063320860876,0.1295358035618012,0.6745035642824171,0.0664248296468076,0.39232697297000363,0.10245901639344263,0.7527322404371585,0.1448087431693989,0.10109289617486339,0.1407103825136612
609634860,So-Young International Inc.,150,0.6087246474095931,0.12555031776428222,0.26572503908847767,0.4831743296453108,0.5949815874148732,0.11333333333333333,0.24666666666666667,0.64,0.11333333333333333,0.6333333333333333
611310492,DouYu International Holdings Limited,221,0.5098773643323874,0.16676177106359424,0.3233608624505983,0.3431155932687931,0.6306043681095527,0.167420814479638,0.2895927601809955,0.5429864253393665,0.1583710407239819,0.5429864253393665
628406634,"Dynatrace, Inc.",369,0.39420146609941714,0.08597215015547184,0.5198263847306976,0.3082293159439453,0.46856932383043076,0.06233062330623306,0.5636856368563685,0.37398373983739835,0.06233062330623306,0.3712737127371274
633790627,Docebo Inc.,210,0.3544765502436175,0.03412485397864311,0.6113985989686279,0.3203516962649744,0.3670218143744782,0.014285714285714285,0.680952380952381,0.3047619047619048,0.014285714285714285,0.3047619047619048
634127183,Cerence Inc.,318,0.2879793171466287,0.1226385866581761,0.5893820959682219,0.1653407304884526,0.4677779356923109,0.09433962264150944,0.6698113207547169,0.2358490566037736,0.0880503144654088,0.23270440251572327
643468691,VTEX,200,0.5653377614915371,0.06193651124369353,0.372725721700117,0.5034012502478435,0.4631012200290893,0.055,0.35,0.595,0.05,0.59
654692030,IAC Inc.,297,0.3365170169019639,0.09194542503969035,0.571537555882124,0.24457159186227354,0.44268461983808755,0.07744107744107744,0.6060606060606061,0.3164983164983165,0.06734006734006734,0.30976430976430974
656458081,ZoomInfo Technologies Inc.,255,0.4443016612208357,0.09316979923705553,0.4625285441348074,0.35113186198378016,0.4904381373075534,0.0784313725490196,0.47058823529411764,0.45098039215686275,0.07058823529411765,0.45098039215686275
662522214,Credo Technology Group Holding Ltd,279,0.4109884299117551,0.06265919920103791,0.5263523727314927,0.3483292307107172,0.4397435556814308,0.04659498207885305,0.5591397849462365,0.3942652329749104,0.04659498207885305,0.3942652329749104
671730212,EverCommerce Inc.,244,0.3661255794424625,0.05250827984533227,0.5813661391052921,0.3136172995971302,0.3977281140489515,0.03278688524590164,0.610655737704918,0.35655737704918034,0.03278688524590164,0.3483606557377049
674822063,"FTC Solar, Inc.",190,0.39086157119293746,0.10770053078273409,0.5014379015780593,0.28316104041020335,0.49668283760970033,0.09473684210526316,0.5157894736842106,0.3894736842105263,0.09473684210526316,0.37894736842105264
676858391,"Commerce.com, Inc.",387,0.3902334235488252,0.06317046784268793,0.5465961079851986,0.32706295570613725,0.4195375643649523,0.041343669250646,0.5813953488372093,0.3772609819121447,0.03617571059431524,0.3695090439276486
687547766,Yalla Group Limited,151,0.5124453964846715,0.0423392196777986,0.445215379449212,0.47010617680687283,0.44199303245118754,0.033112582781456956,0.44370860927152317,0.5231788079470199,0.033112582781456956,0.5165562913907285
689699538,Cognyte Software Ltd.,269,0.4980350561253034,0.06308977629774731,0.4388751709127459,0.4349452798275561,0.4617283862081921,0.040892193308550186,0.45353159851301117,0.5055762081784386,0.03717472118959108,0.5018587360594795
690315901,CXApp Inc.,365,0.3256579875869498,0.06041050999718782,0.613931501998681,0.26524747758976197,0.41105112427311946,0.043835616438356165,0.6712328767123288,0.28493150684931506,0.043835616438356165,0.28493150684931506
691274020,"Kyndryl Holdings, Inc.",289,0.48923436556797745,0.05015438808302256,0.4606112424948069,0.43907997748495486,0.4288314029563561,0.03460207612456748,0.4740484429065744,0.4913494809688581,0.031141868512110725,0.48788927335640137
691277895,Motorsport Games Inc.,74,0.3908059855016905,0.1460762972553336,0.46311771332261126,0.24472968824635688,0.5229949451124083,0.16216216216216217,0.4864864864864865,0.35135135135135137,0.16216216216216217,0.33783783783783783
699650200,LuxExperience B.V.,250,0.5440233742035926,0.0860946275871247,0.36988200349360706,0.4579287466164678,0.5012228420082836,0.068,0.388,0.544,0.06,0.528
704377650,"Coupang, Inc.",179,0.4858932335959883,0.12857608769255477,0.38553067286857845,0.3573171459034335,0.5583640253602069,0.11731843575418995,0.3687150837988827,0.5139664804469274,0.11173184357541899,0.5083798882681564
706105256,"Semrush Holdings, Inc.",234,0.38920574049011636,0.061870385283747546,0.5489238733346136,0.3273353552063688,0.4422593259700201,0.029914529914529916,0.594017094017094,0.37606837606837606,0.029914529914529916,0.37606837606837606
706899929,Global-E Online Ltd.,290,0.42385672312551015,0.08247232172509719,0.493670951562195,0.341384401400413,0.4811381419267042,0.06206896551724138,0.5137931034482759,0.4241379310344828,0.06206896551724138,0.4241379310344828
707993341,"DoubleVerify Holdings, Inc.",373,0.4197098569964476,0.05836064496199943,0.5219294943574606,0.36134921203444814,0.43867064597882516,0.03753351206434316,0.5522788203753352,0.4101876675603217,0.03485254691689008,0.4075067024128686
708778565,"SkyWater Technology, Inc.",170,0.46890829731984174,0.11340552343548659,0.41768617971307215,0.35550277388435514,0.5292498800795966,0.10588235294117647,0.4176470588235294,0.4764705882352941,0.09411764705882353,0.4764705882352941
709612693,"N-able, Inc.",279,0.4005933047596058,0.12488050906882224,0.4745261882929178,0.27571279569078355,0.5365672290203031,0.12186379928315412,0.4910394265232975,0.3870967741935484,0.11827956989247312,0.3870967741935484
712701220,Zeta Global Holdings Corp.,393,0.4113243131640038,0.0573066357895258,0.5313690524007982,0.354017677374478,0.42413984709143526,0.03307888040712468,0.5750636132315522,0.39185750636132316,0.03307888040712468,0.38676844783715014
1678014439,"Consensus Cloud Solutions, Inc.",173,0.40185870185515954,0.1751214074498484,0.4230198891930325,0.22673729440531118,0.5997267311568796,0.15028901734104047,0.43352601156069365,0.4161849710982659,0.15028901734104047,0.41040462427745666
1678202500,Definitive Healthcare Corp.,269,0.3764662663781233,0.18940476128367575,0.43412896871677564,0.18706150509444755,0.6024047726856977,0.17472118959107807,0.4423791821561338,0.3828996282527881,0.16728624535315986,0.379182156133829
1679676647,"Clearwater Analytics Holdings, Inc.",453,0.35554062499239153,0.059605646921654806,0.5848537276829974,0.2959349780707367,0.4071265328891379,0.03532008830022075,0.6467991169977925,0.31788079470198677,0.03090507726269316,0.31125827814569534
1792633815,"Silvaco Group, Inc.",231,0.3579236209610259,0.139494679791619,0.5025817018558646,0.21842894116940695,0.5302073333739692,0.12121212121212122,0.5281385281385281,0.35064935064935066,0.11688311688311688,0.3463203463203463
1798497922,Xperi Inc.,195,0.4064067294821143,0.12769884035134546,0.465894428277627,0.2787078891307689,0.5453623622434571,0.1076923076923077,0.48205128205128206,0.41025641025641024,0.10256410256410256,0.40512820512820513
1801104960,NCR Atleos Corporation,303,0.5028649051366343,0.07354620662779107,0.423588887576272,0.42931869850884324,0.48312477863189557,0.0594059405940594,0.43234323432343236,0.5082508250825083,0.052805280528052806,0.504950495049505
1802801041,Mobileye Global Inc.,268,0.3448514771672077,0.1378282194873735,0.5173203032880799,0.20702325767983418,0.5108681746605771,0.11940298507462686,0.5447761194029851,0.3358208955223881,0.11940298507462686,0.3283582089552239
1816580458,"Unusual Machines, Inc.",254,0.2724998172181915,0.10674384430483512,0.6207563388711355,0.1657559729133564,0.42099260697375623,0.08267716535433071,0.6771653543307087,0.24015748031496062,0.07874015748031496,0.2283464566929134
1859254185,Waystar Holding Corp.,346,0.44508298629399584,0.062164924220542685,0.49275208384100067,0.38291806207345314,0.4362588885607837,0.04335260115606936,0.523121387283237,0.43352601156069365,0.04335260115606936,0.43352601156069365
