ticker,start_date_actual,start_price,end_date_actual,end_price,raw_return,normal_return_spy,excess_return,cluster,CAR,MaxDrawdown,Volatility,label
AAOI,2025-01-27,24.54,2025-02-10,30.52,0.24368378158109216,0.009142900901601747,0.23454088067949042,1,0.036358279962234064,-0.07980049875311723,0.08269900433058455,Vulnerable
AAPL,2025-01-27,228.6112,2025-02-10,226.6621,-0.008525829005752938,0.009142900901601747,-0.017668729907354686,1,0.029877686140101445,-0.04900579518742321,0.021412957355743313,Vulnerable
ACIW,2025-01-27,53.25,2025-02-10,52.97,-0.005258215962441359,0.009142900901601747,-0.014401116864043106,1,0.020731743894862986,-0.0353820900966626,0.014443675488266083,Vulnerable
ADBE,2025-01-27,438.6,2025-02-10,451.1,0.028499772001824075,0.009142900901601747,0.019356871100222328,1,0.041523352930557755,-0.028991031390134592,0.015295062024726636,Vulnerable
ADI,2025-01-27,211.2636,2025-02-10,200.9073,-0.04902074943340928,0.009142900901601747,-0.05816365033501103,1,-0.0531296773782578,-0.04902074943340928,0.015041600082527985,Vulnerable
ADP,2025-01-27,291.2353,2025-02-10,297.8138,0.022588264540734038,0.009142900901601747,0.01344536363913229,1,0.037792809229673874,-0.009709689976393654,0.008371328063183423,Vulnerable
ADSK,2025-01-27,299.07,2025-02-10,304.99,0.019794696893703945,0.009142900901601747,0.010651795992102198,1,0.020227290104058437,-0.0327916238437822,0.01816956854590308,Vulnerable
ADTN,2025-01-27,9.49,2025-02-10,11.35,0.19599578503688075,0.009142900901601747,0.186852884135279,1,0.11148262538121967,-0.03849765258215965,0.044941184371340114,Vulnerable
AEIS,2025-01-27,112.908,2025-02-10,112.4793,-0.0037968965883729,0.009142900901601747,-0.012939797489974647,1,-0.09426226785686953,-0.03206438504109488,0.03293842974247293,Vulnerable
AGYS,2025-01-27,89.73,2025-02-10,85.56,-0.046472751588097605,0.009142900901601747,-0.05561565248969935,1,-0.06713662724662772,-0.078645607961921,0.024070553637355507,Vulnerable
AI,2025-01-27,31.14,2025-02-10,35.09,0.12684649967886963,0.009142900901601747,0.11770359877726788,1,0.08080228434738834,-0.0542424242424242,0.04175452979923271,Vulnerable
AIFF,2025-01-27,3.57,2025-02-10,3.1,-0.13165266106442575,0.009142900901601747,-0.1407955619660275,1,-0.14438417341708298,-0.14835164835164827,0.05106604852195979,Vulnerable
AIP,2025-01-27,10.3,2025-02-10,9.92,-0.03689320388349526,0.009142900901601747,-0.04603610478509701,1,-0.16964207225233563,-0.15432649420160593,0.057341514893379415,Vulnerable
AISP,2025-01-27,4.63,2025-02-10,5.74,0.23974082073434122,0.009142900901601747,0.23059791983273947,1,0.17847768911226625,-0.06479481641468676,0.06612924416403698,Vulnerable
ALAB,2025-01-27,83.16,2025-02-10,103.29,0.2420634920634921,0.009142900901601747,0.23292059116189034,1,-0.04911899652100582,-0.04954490006568446,0.09905006992832975,Vulnerable
ALGM,2025-01-27,23.23,2025-02-10,23.37,0.0060266896254843605,0.009142900901601747,-0.0031162112761173866,1,-0.02875206490311477,-0.06557377049180324,0.03843854520917045,Vulnerable
ALKT,2025-01-27,35.29,2025-02-10,35.28,-0.00028336639274573194,0.009142900901601747,-0.009426267294347479,1,0.008665513381485357,-0.04054054054054046,0.015823786954348964,Vulnerable
ALRM,2025-01-27,61.99,2025-02-10,62.5,0.008227133408614362,0.009142900901601747,-0.0009157674929873849,1,0.02233075194008538,-0.027256693923360387,0.011768398276905317,Vulnerable
AMAT,2025-01-27,172.6246,2025-02-10,181.6133,0.05207079408149262,0.009142900901601747,0.042927893179890875,1,-0.008282949243052284,-0.017389475160396906,0.026347548014463446,Vulnerable
AMBA,2025-01-27,73.39,2025-02-10,76.8,0.046464095925875304,0.009142900901601747,0.03732119502427356,1,-0.02879110427446574,-0.03859827323514475,0.03449603680108148,Vulnerable
AMD,2025-01-27,115.01,2025-02-10,110.48,-0.03938787931484222,0.009142900901601747,-0.04853078021644397,1,-0.09433165598448534,-0.09991631799163181,0.035444298607639105,Vulnerable
AMKR,2025-01-27,23.341,2025-02-10,23.9708,0.026982562872199134,0.009142900901601747,0.017839661970597387,1,-0.04389962802682268,-0.035782875542443304,0.028808297206898637,Vulnerable
AMPG,2025-01-27,1.76,2025-02-10,2.56,0.4545454545454546,0.009142900901601747,0.44540255364385284,1,0.3155652955406698,-0.07614213197969544,0.0706718705258141,Vulnerable
AMPL,2025-01-27,11.3,2025-02-10,12.54,0.10973451327433614,0.009142900901601747,0.1005916123727344,1,0.10974410184694527,-0.048760991207034476,0.03923615442180249,Vulnerable
AMSC,2025-01-27,26.03,2025-02-10,32.59,0.2520169035728006,0.009142900901601747,0.24287400267119885,1,0.17717378477052403,-0.0728670816550715,0.11474615371570983,Vulnerable
AMZN,2025-01-27,235.42,2025-02-10,233.14,-0.009684818622037183,0.009142900901601747,-0.01882771952363893,1,-0.0007004507377194047,-0.05333388416095208,0.018652301515818887,Vulnerable
ANET,2025-01-27,100.3,2025-02-10,120.23,0.1987038883349952,0.009142900901601747,0.18956098743339345,1,-0.03246936709008863,-0.03237004252364839,0.07746049800566486,Vulnerable
AOSL,2025-01-27,35.22,2025-02-10,37.15,0.054798409994321506,0.009142900901601747,0.04565550909271976,1,-0.06464422750400467,-0.1426263558735288,0.06476928679787991,Vulnerable
APH,2025-01-27,66.8424,2025-02-10,71.1111,0.06386215934795869,0.009142900901601747,0.054719258446356944,1,-0.05761414452515656,-0.02986231267365891,0.042519206694679575,Vulnerable
API,2025-01-27,4.83,2025-02-10,6.65,0.37681159420289867,0.009142900901601747,0.3676686933012969,1,0.265760445937007,-0.0760330578512397,0.06335087136519388,Vulnerable
APLD,2025-01-27,6.475,2025-02-10,8.11,0.2525096525096524,0.009142900901601747,0.24336675160805066,1,-0.037193087297232585,-0.03827160493827153,0.09896837509464934,Vulnerable
APP,2025-01-27,343.02,2025-02-10,384.4,0.12063436534312877,0.009142900901601747,0.11149146444152702,1,0.06718203071386375,-0.03153105769736497,0.032152655957766174,Vulnerable
APPF,2025-01-27,254.82,2025-02-10,223.08,-0.12455851189074629,0.009142900901601747,-0.13370141279234804,1,-0.10405469016137714,-0.1398040274670167,0.029759812326750415,Vulnerable
APPN,2025-01-27,34.7,2025-02-10,33.93,-0.022190201729106684,0.009142900901601747,-0.03133310263070843,1,0.022247961459170518,-0.09989142236699244,0.032409150754072476,Vulnerable
ARBE,2025-01-27,2.52,2025-02-10,3.09,0.22619047619047605,0.009142900901601747,0.2170475752888743,1,0.0706632637583654,-0.10074626865671643,0.08022256823645979,Vulnerable
ARM,2025-01-27,145.96,2025-02-10,160.84,0.10194573855850919,0.009142900901601747,0.09280283765690744,1,0.006388441794178856,-0.07168417407364647,0.04836398162047499,Vulnerable
ARQQ,2025-01-27,25.52,2025-02-10,18.86,-0.2609717868338558,0.009142900901601747,-0.27011468773545755,1,-0.37323939269686035,-0.2609717868338557,0.03500903660878443,Vulnerable
ASAN,2025-01-27,20.07,2025-02-10,23.44,0.16791230692575998,0.009142900901601747,0.15876940602415823,1,0.18941793641597582,-0.03685168334849853,0.037604138193404926,Vulnerable
ASX,2025-01-27,9.3924,2025-02-10,9.9233,0.05652442400238478,0.009142900901601747,0.04738152310078303,1,-0.04303924089605515,-0.02955765580028169,0.0360407837812211,Vulnerable
ATEN,2025-01-27,18.255,2025-02-10,20.2232,0.1078170364283757,0.009142900901601747,0.09867413552677395,1,0.07176474743173511,-0.01680106543341786,0.021976998644957682,Vulnerable
ATEYY,2025-01-27,56.743,2025-02-10,57.4908,0.013178718079763119,0.009142900901601747,0.004035817178161372,1,-0.1004193033990316,-0.044807289004811235,0.04507724512387167,Vulnerable
ATHM,2025-01-27,28.08,2025-02-10,28.0,-0.002849002849002802,0.009142900901601747,-0.011991903750604549,1,0.01955777607047582,-0.06925963834868631,0.022225695471083596,Vulnerable
ATOM,2025-01-27,8.72,2025-02-10,8.57,-0.017201834862385357,0.009142900901601747,-0.026344735763987104,1,-0.20698243146148643,-0.1308316430020282,0.08452259492184945,Vulnerable
AUDC,2025-01-27,9.7289,2025-02-10,11.746,0.20733073626000897,0.009142900901601747,0.19818783535840723,1,0.15586517636062114,-0.024103444377062022,0.040176304637558405,Vulnerable
AUR,2025-01-27,6.39,2025-02-10,7.8,0.22065727699530524,0.009142900901601747,0.2115143760937035,1,0.13934692251362568,-0.015299026425591,0.04078467290713986,Vulnerable
AUUD,2025-01-27,62.2015,2025-02-10,51.3953,-0.17372892936665518,0.009142900901601747,-0.18287183026825693,1,-0.19312733322909004,-0.1942150639121144,0.03818600283876374,Vulnerable
AVGO,2025-01-27,199.9005,2025-02-10,232.4475,0.16281600096047777,0.009142900901601747,0.15367310005887602,1,-0.013961155243683576,-0.030732519471236563,0.06249097963332453,Vulnerable
AVNW,2025-01-27,18.52,2025-02-10,23.17,0.2510799136069115,0.009142900901601747,0.24193701270530976,1,0.21950706876265125,-0.12068311195445924,0.09452635883609778,Vulnerable
AVPT,2025-01-27,17.93,2025-02-10,19.61,0.09369771332961507,0.009142900901601747,0.08455481242801333,1,0.08971165970036077,-0.012873326467559232,0.014914624809618887,Vulnerable
AXTI,2025-01-27,2.16,2025-02-10,2.01,-0.06944444444444464,0.009142900901601747,-0.07858734534604639,1,-0.12300437974557943,-0.07798165137614699,0.03493216310985955,Vulnerable
BAND,2025-01-27,16.9,2025-02-10,18.26,0.08047337278106537,0.009142900901601747,0.07133047187946362,1,0.06874305277793114,-0.034313725490195957,0.030530866121079428,Vulnerable
BB,2025-01-27,4.09,2025-02-10,5.54,0.3545232273838632,0.009142900901601747,0.34538032648226147,1,0.30022205212894737,-0.029279279279279535,0.03967258056292335,Vulnerable
BBAI,2025-01-27,3.68,2025-02-10,8.72,1.3695652173913042,0.009142900901601747,1.3604223164897025,1,0.888708463781381,-0.04781997187060494,0.16148686049403146,Vulnerable
BBBY,2025-01-27,7.11,2025-02-10,8.68,0.2208157524613219,0.009142900901601747,0.21167285155972015,1,0.19486182116261908,-0.12740384615384626,0.12633933445210482,Vulnerable
BE,2025-01-27,22.42,2025-02-10,25.39,0.13247100802854583,0.009142900901601747,0.12332810712694409,1,-0.10673644738542754,-0.09009812667261374,0.09186201502211858,Vulnerable
BEEM,2025-01-27,2.68,2025-02-10,2.49,-0.07089552238805963,0.009142900901601747,-0.08003842328966138,1,-0.11222305633882534,-0.09782608695652162,0.025120135632139533,Vulnerable
BHE,2025-01-27,42.4893,2025-02-10,41.0782,-0.03321071422687594,0.009142900901601747,-0.042353615128477684,1,-0.10327315929757919,-0.06286844699012517,0.02700847128347969,Vulnerable
BIDU,2025-01-27,88.51,2025-02-10,93.85,0.0603321658569651,0.009142900901601747,0.051189264955363356,1,0.09581138436866588,-0.07449614857022258,0.03997722777115847,Vulnerable
BILI,2025-01-27,16.98,2025-02-10,18.34,0.0800942285041224,0.009142900901601747,0.07095132760252065,1,0.09276045068586003,-0.049459920409323566,0.032433529463269814,Vulnerable
BILL,2025-01-27,92.89,2025-02-10,64.97,-0.30057056733771126,0.009142900901601747,-0.309713468239313,1,-0.2772467255848019,-0.3599464304110437,0.11128087357990628,Vulnerable
BKSY,2025-01-27,13.16,2025-02-10,17.54,0.3328267477203646,0.009142900901601747,0.32368384681876283,1,0.1960786659500232,-0.06779661016949134,0.0794962891252874,Vulnerable
BL,2025-01-27,61.72,2025-02-10,64.41,0.04358392741412831,0.009142900901601747,0.03444102651252656,1,0.070501673190976,-0.03097072419106328,0.02104265050221292,Vulnerable
BLDP,2025-01-27,1.36,2025-02-10,1.41,0.03676470588235281,0.009142900901601747,0.027621804980751063,1,-0.025528508562056795,-0.03676470588235303,0.029380552051563563,Vulnerable
BLIN,2025-01-27,1.66,2025-02-10,1.89,0.13855421686746983,0.009142900901601747,0.12941131596586808,1,0.05267556484038627,-0.11961722488038273,0.055699349924537386,Vulnerable
BLKB,2025-01-27,78.09,2025-02-10,79.76,0.021385580740171717,0.009142900901601747,0.01224267983856997,1,0.05082914231911817,-0.02061723652196157,0.01436039364220284,Vulnerable
BLND,2025-01-27,3.83,2025-02-10,3.98,0.039164490861618884,0.009142900901601747,0.030021589960017137,1,0.08244100022810219,-0.0479797979797979,0.029988390863197423,Vulnerable
BLZE,2025-01-27,6.11,2025-02-10,7.48,0.22422258592471356,0.009142900901601747,0.2150796850231118,1,0.17005961502804534,-0.05732484076433131,0.04489450871657165,Vulnerable
BMBL,2025-01-27,7.98,2025-02-10,8.55,0.0714285714285714,0.009142900901601747,0.06228567052696965,1,0.14288611713557375,-0.045184304399524367,0.03564953727902719,Vulnerable
BMR,2025-01-27,3.56,2025-02-10,3.4,-0.0449438202247191,0.009142900901601747,-0.05408672112632085,1,-0.19002248646658193,-0.08108108108108147,0.05162930201539183,Vulnerable
BOX,2025-01-27,32.3,2025-02-10,34.7,0.07430340557275561,0.009142900901601747,0.06516050467115386,1,0.10145780404456217,-0.01338090990187335,0.014498833067900844,Vulnerable
BRZE,2025-01-27,46.02,2025-02-10,42.63,-0.0736636245110821,0.009142900901601747,-0.08280652541268385,1,-0.05680512652500924,-0.12706480304955536,0.03789072813150561,Vulnerable
BSY,2025-01-27,46.8714,2025-02-10,45.9486,-0.019687912031644106,0.009142900901601747,-0.028830812933245853,1,0.01073945992502534,-0.035140832149242573,0.01643269720506711,Vulnerable
BZ,2025-01-27,14.786,2025-02-10,15.63,0.05708102258893555,0.009142900901601747,0.0479381216873338,1,0.07000383413286704,-0.06245986922280611,0.0347886967715545,Vulnerable
BZAI,2025-01-27,5.15,2025-02-10,3.44,-0.33203883495145636,0.009142900901601747,-0.3411817358530581,1,-0.5489271351892603,-0.42666666666666675,0.110867555479354,Vulnerable
BZUN,2025-01-27,3.06,2025-02-10,3.52,0.15032679738562083,0.009142900901601747,0.14118389648401908,1,0.1592354154900254,-0.07462686567164178,0.04546477509600712,Vulnerable
CACI,2025-01-27,420.81,2025-02-10,382.1,-0.09198925881038944,0.009142900901601747,-0.10113215971199119,1,-0.05331413258028572,-0.10826738908295941,0.025663967902963023,Vulnerable
CARG,2025-01-27,38.99,2025-02-10,39.96,0.024878173890741095,0.009142900901601747,0.01573527298913935,1,0.03289373361908754,-0.05252774352651024,0.019515834528584065,Vulnerable
CARS,2025-01-27,18.12,2025-02-10,17.47,-0.03587196467991183,0.009142900901601747,-0.045014865581513575,1,0.00031875993700369865,-0.08536585365853655,0.021530593895568616,Vulnerable
CCC,2025-01-27,11.3,2025-02-10,10.87,-0.03805309734513285,0.009142900901601747,-0.047195998246734594,1,-0.03886902997877961,-0.038053097345132736,0.00761046021650055,Vulnerable
CCSI,2025-01-27,26.93,2025-02-10,28.27,0.049758633494244364,0.009142900901601747,0.04061573259264262,1,0.08520494095425835,-0.08968462549277256,0.045969636711220785,Vulnerable
CDLX,2025-01-27,3.9,2025-02-10,3.27,-0.16153846153846152,0.009142900901601747,-0.17068136244006327,1,-0.14963473026614904,-0.2512820512820515,0.05424795430310315,Vulnerable
CDNS,2025-01-27,289.87,2025-02-10,305.63,0.0543691999862006,0.009142900901601747,0.04522629908459885,1,-0.03602478200915027,-0.03147343802205149,0.03520341117268352,Vulnerable
CDW,2025-01-27,190.1982,2025-02-10,187.7772,-0.012728827086691763,0.009142900901601747,-0.02187172798829351,1,-0.011600501571286226,-0.070634880961985,0.01969129671801618,Vulnerable
CERT,2025-01-27,13.4,2025-02-10,14.0,0.04477611940298498,0.009142900901601747,0.035633218501383235,1,0.061371658465818935,-0.04356992269852433,0.020421621245724286,Vulnerable
CEVA,2025-01-27,31.7,2025-02-10,32.73,0.032492113564668745,0.009142900901601747,0.023349212663067,1,-0.015124547477249006,-0.04437956204379567,0.03367876901288323,Vulnerable
CFLT,2025-01-27,28.93,2025-02-10,31.46,0.0874524714828897,0.009142900901601747,0.07830957058128796,1,0.10055941445843886,-0.07060333761232362,0.03172661134275079,Vulnerable
CGNT,2025-01-27,9.04,2025-02-10,10.76,0.1902654867256639,0.009142900901601747,0.18112258582406215,1,0.15215954931705356,-0.018331805682859748,0.031621308364194765,Vulnerable
CHKP,2025-01-27,198.2,2025-02-10,215.0,0.08476286579212933,0.009142900901601747,0.07561996489052758,1,0.10901038303348676,-0.03082332526599363,0.026449326292523185,Vulnerable
CHWY,2025-01-27,38.97,2025-02-10,37.76,-0.03104952527585325,0.009142900901601747,-0.040192426177455,1,-0.03263295565322755,-0.06633165829145726,0.018152918708797632,Vulnerable
CIEN,2025-01-27,76.29,2025-02-10,90.11,0.1811508716738759,0.009142900901601747,0.17200797077227414,1,-0.03380829758472126,-0.03661941580756023,0.07408241761170144,Vulnerable
CLBT,2025-01-27,23.0,2025-02-10,25.46,0.1069565217391304,0.009142900901601747,0.09781362083752865,1,0.07978081014600935,-0.030384615384615232,0.02486513112680478,Vulnerable
CLFD,2025-01-27,37.78,2025-02-10,34.52,-0.08628904182106933,0.009142900901601747,-0.09543194272267108,1,-0.14356785277109907,-0.08677248677248672,0.04420523940745817,Vulnerable
CLS,2025-01-27,87.36,2025-02-10,130.23,0.4907280219780219,0.009142900901601747,0.48158512107642015,1,0.1497796296193098,-0.09723672304586894,0.11671874529455012,Vulnerable
CLVT,2025-01-27,5.66,2025-02-10,4.91,-0.13250883392226143,0.009142900901601747,-0.14165173482386317,1,-0.10599418861713394,-0.13250883392226176,0.020196817647499987,Vulnerable
CMBM,2025-01-27,1.31,2025-02-10,1.51,0.15267175572519087,0.009142900901601747,0.14352885482358912,1,0.2858749007688455,-0.12977099236641243,0.06845005979997844,Vulnerable
CMCM,2025-01-27,4.43,2025-02-10,5.93,0.3386004514672687,0.009142900901601747,0.32945755056566695,1,0.2553766902516199,-0.05417607223476273,0.06818566761761022,Vulnerable
CMRC,2025-01-27,6.39,2025-02-10,6.89,0.07824726134585291,0.009142900901601747,0.06910436044425117,1,0.1232762770984901,-0.08144796380090491,0.034420269563711164,Vulnerable
CMTL,2025-01-27,2.22,2025-02-10,2.29,0.03153153153153143,0.009142900901601747,0.022388630629929684,1,-0.037578824739228245,-0.15315315315315337,0.07183333297020558,Vulnerable
CNXN,2025-01-27,71.3423,2025-02-10,64.1439,-0.10089946637548819,0.009142900901601747,-0.11004236727708994,1,-0.10253563496713325,-0.1443001876172606,0.035405660255086326,Vulnerable
COUR,2025-01-27,9.69,2025-02-10,8.04,-0.1702786377708979,0.009142900901601747,-0.17942153867249966,1,-0.04818121241621376,-0.2074303405572756,0.06275798718133534,Vulnerable
CPNG,2025-01-27,22.7,2025-02-10,23.76,0.046696035242290934,0.009142900901601747,0.03755313434068919,1,0.057413508881315245,-0.014993752603082222,0.011201792951771525,Vulnerable
CRDO,2025-01-27,55.6,2025-02-10,77.08,0.3863309352517985,0.009142900901601747,0.37718803435019677,1,0.034985635181676744,-0.032144650929181395,0.1103385868636674,Vulnerable
CRKN,2025-01-27,13.5,2025-02-10,5.79,-0.5711111111111111,0.009142900901601747,-0.5802540120127129,1,-0.8544026548934038,-0.5711111111111111,0.11327146915202614,Vulnerable
CRM,2025-01-27,343.9884,2025-02-10,324.2668,-0.05733216585210443,0.009142900901601747,-0.06647506675370618,1,-0.011772740924351432,-0.09479086305572515,0.026704642985231584,Vulnerable
CRNC,2025-01-27,13.1,2025-02-10,16.5,0.2595419847328244,0.009142900901601747,0.25039908383122267,1,0.19990962266418988,-0.1602658788774003,0.08151411973923472,Vulnerable
CRNT,2025-01-27,4.45,2025-02-10,4.8,0.0786516853932584,0.009142900901601747,0.06950878449165665,1,-0.0038000615719855357,-0.1061452513966481,0.0569535508246282,Vulnerable
CRSR,2025-01-27,8.77,2025-02-10,9.75,0.11174458380843788,0.009142900901601747,0.10260168290683613,1,0.07337219972044995,-0.039460020768432025,0.03294419028755252,Vulnerable
CRUS,2025-01-27,99.42,2025-02-10,104.39,0.049989941661637394,0.009142900901601747,0.04084704076003565,1,0.03939297692155408,-0.04527162977867205,0.03360834380547815,Vulnerable
CRWD,2025-01-27,373.75,2025-02-10,428.92,0.14761204013377927,0.009142900901601747,0.13846913923217752,1,0.14470706800958577,-0.02889791523930707,0.03057424569067942,Vulnerable
CSCO,2025-01-27,57.3677,2025-02-10,60.9896,0.06313483022676536,0.009142900901601747,0.05399192932516361,1,0.015873069576304855,-0.004794540840007522,0.018468376693581447,Vulnerable
CSGS,2025-01-27,54.396,2025-02-10,62.0147,0.1400599308772703,0.009142900901601747,0.13091702997566856,1,0.1593014748825038,-0.0241312893205472,0.0202587114576169,Vulnerable
CSIQ,2025-01-27,10.7,2025-02-10,9.94,-0.07102803738317753,0.009142900901601747,-0.08017093828477928,1,-0.08747094079066642,-0.09252336448598109,0.03133392480448005,Vulnerable
CTLP,2025-01-27,8.14,2025-02-10,9.93,0.2199017199017197,0.009142900901601747,0.21075881900011795,1,0.20282817410447973,-0.04122497055359231,0.0428416453644282,Vulnerable
CTS,2025-01-27,50.8265,2025-02-10,46.3371,-0.08832793916559278,0.009142900901601747,-0.09747084006719453,1,-0.10821113937719029,-0.0945046813858389,0.019107353176774283,Vulnerable
CTSH,2025-01-27,79.425,2025-02-10,85.1429,0.07199118665407611,0.009142900901601747,0.06284828575247436,1,0.08889680442687764,-0.010219279420008331,0.013867259279084098,Vulnerable
CVLT,2025-01-27,158.3,2025-02-10,179.31,0.13272267845862284,0.009142900901601747,0.1235797775570211,1,0.12788161558806743,-0.0826616682286786,0.03909166070273446,Vulnerable
CWAN,2025-01-27,28.11,2025-02-10,28.1,-0.00035574528637483116,0.009142900901601747,-0.009498646187976578,1,0.0005647925549133737,-0.033700137551581744,0.014482700221760725,Vulnerable
CXAI,2025-01-27,1.6,2025-02-10,1.52,-0.050000000000000044,0.009142900901601747,-0.05914290090160179,1,-0.10597009623445819,-0.0858895705521473,0.03518902608567729,Vulnerable
CXM,2025-01-27,8.99,2025-02-10,8.97,-0.0022246941045606095,0.009142900901601747,-0.011367595006162357,1,0.03419238400472935,-0.06162162162162188,0.02100620711201688,Vulnerable
CYBR,2025-01-27,359.46,2025-02-10,389.97,0.08487731597396109,0.009142900901601747,0.07573441507235934,1,0.08703091231966509,-0.018588548601864208,0.015261652948382899,Vulnerable
CYN,2025-01-27,66.0,2025-02-10,27.75,-0.5795454545454546,0.009142900901601747,-0.5886883554470563,0,0.4183003642652978,-0.8636363636363635,0.7069749221198659,Resilient
DAVA,2025-01-27,32.55,2025-02-10,33.28,0.022427035330261358,0.009142900901601747,0.01328413442865961,1,0.038822577105846356,-0.024620060790273346,0.013784313865438947,Vulnerable
DBD,2025-01-27,43.49,2025-02-10,44.09,0.013796275005748537,0.009142900901601747,0.00465337410414679,1,-0.013160294232408387,-0.03840877914952001,0.019734886246985498,Vulnerable
DBX,2025-01-27,32.0,2025-02-10,31.98,-0.0006249999999999867,0.009142900901601747,-0.009767900901601734,1,0.021272689084877117,-0.02233782129742945,0.011508373480621652,Vulnerable
DCBO,2025-01-27,42.71,2025-02-10,42.69,-0.00046827440880359283,0.009142900901601747,-0.00961117531040534,1,-0.0063034129962913354,-0.04832369942196535,0.01379864321270342,Vulnerable
DDD,2025-01-27,4.0,2025-02-10,4.4,0.10000000000000009,0.009142900901601747,0.09085709909839834,1,0.17034941351298438,-0.10000000000000009,0.08270009948511052,Vulnerable
DDL,2025-01-27,3.37,2025-02-10,3.43,0.017804154302670572,0.009142900901601747,0.008661253401068825,1,0.010308469498106487,-0.05444126074498579,0.022627747929168836,Vulnerable
DDOG,2025-01-27,142.16,2025-02-10,147.1,0.03474957794034883,0.009142900901601747,0.025606677038747083,1,0.05141529732270411,-0.06109684640200119,0.02875802905040245,Vulnerable
DELL,2025-01-27,101.9474,2025-02-10,110.2631,0.08156853436183753,0.009142900901601747,0.07242563346023578,1,-0.00017738259995270234,-0.0499285022996252,0.038358484345920256,Vulnerable
DGII,2025-01-27,30.79,2025-02-10,35.64,0.15751867489444638,0.009142900901601747,0.14837577399284463,1,0.12752898307133442,-0.04191999999999996,0.0572466139404917,Vulnerable
DH,2025-01-27,4.62,2025-02-10,5.35,0.15800865800865793,0.009142900901601747,0.14886575710705618,1,0.11693655837673766,-0.051896207584830156,0.04386790356671235,Vulnerable
DIOD,2025-01-27,60.08,2025-02-10,53.3,-0.11284953395472708,0.009142900901601747,-0.12199243485632882,1,-0.12045391661925486,-0.11284953395472719,0.02553319640655516,Vulnerable
DJT,2025-01-27,29.535,2025-02-10,31.21,0.056712375148129324,0.009142900901601747,0.04756947424652758,1,-0.03114696896420599,-0.05363267851574671,0.04632013906821747,Vulnerable
DMRC,2025-01-27,38.44,2025-02-10,35.14,-0.08584807492195623,0.009142900901601747,-0.09499097582355798,1,-0.12310673909603709,-0.10922641994345927,0.026393858737839674,Vulnerable
DOCN,2025-01-27,40.14,2025-02-10,45.93,0.14424514200298955,0.009142900901601747,0.1351022411013878,1,0.142273986695449,-0.04121991898975452,0.02409214070274473,Vulnerable
DOCS,2025-01-27,55.35,2025-02-10,83.14,0.5020776874435411,0.009142900901601747,0.49293478654193934,1,0.44485571935198,-0.01624365482233492,0.10799600452248657,Vulnerable
DOCU,2025-01-27,92.26,2025-02-10,90.86,-0.015174506828528167,0.009142900901601747,-0.024317407730129914,1,-6.685997612820849e-05,-0.07389969293756404,0.02543480089692367,Vulnerable
DOMO,2025-01-27,7.955,2025-02-10,8.375,0.05279698302954117,0.009142900901601747,0.04365408212793942,1,0.0948983869160197,-0.08369803063457326,0.029607323714230954,Vulnerable
DOX,2025-01-27,83.8584,2025-02-10,82.9783,-0.010495072646270365,0.009142900901601747,-0.019637973547872112,1,0.011677695868213323,-0.027100576036730994,0.012250482349428729,Vulnerable
DOYU,2025-01-27,5.9742,2025-02-10,6.0392,0.0108801178400455,0.009142900901601747,0.001737216938443753,1,0.01049040036400195,-0.04646719823162537,0.022247511029598845,Vulnerable
DQ,2025-01-27,17.62,2025-02-10,22.23,0.26163450624290574,0.009142900901601747,0.252491605341304,1,0.2218762393303605,-0.04371584699453568,0.04578228998212737,Vulnerable
DSGX,2025-01-27,116.55,2025-02-10,122.5,0.05105105105105112,0.009142900901601747,0.041908150149449375,1,0.033757062363873214,-0.016829579260518424,0.014000164731483111,Vulnerable
DSP,2025-01-27,20.2,2025-02-10,25.0,0.2376237623762376,0.009142900901601747,0.22848086147463587,1,0.2073779297561148,-0.010393131495707308,0.025935501568430806,Vulnerable
DT,2025-01-27,56.46,2025-02-10,61.21,0.08413035777541622,0.009142900901601747,0.07498745687381447,1,0.10146136954832374,-0.010182947877114157,0.012651196941937951,Vulnerable
DUOL,2025-01-27,326.82,2025-02-10,401.45,0.22835199804173545,0.009142900901601747,0.2192090971401337,1,0.21007901910349158,-0.00673469387755099,0.02560390746127682,Vulnerable
DV,2025-01-27,20.26,2025-02-10,21.96,0.08390918065152997,0.009142900901601747,0.07476627974992822,1,0.09890368525422544,-0.016772438803263734,0.015463482157058483,Vulnerable
DXC,2025-01-27,21.33,2025-02-10,20.23,-0.05157055789967169,0.009142900901601747,-0.060713458801273434,1,-0.03313068881641701,-0.10526315789473684,0.02640115222847522,Vulnerable
EA,2025-01-27,117.2372,2025-02-10,131.3363,0.12026131637398363,0.009142900901601747,0.11111841547238188,1,0.1343918018672715,-0.025757580375292966,0.027791754683540597,Vulnerable
EAF,2025-01-27,16.3,2025-02-10,11.4,-0.3006134969325154,0.009142900901601747,-0.3097563978341171,1,-0.3301576756512101,-0.30061349693251516,0.05584014747557017,Vulnerable
EB,2025-01-27,3.68,2025-02-10,3.5,-0.048913043478260865,0.009142900901601747,-0.05805594437986261,1,0.05557814811272532,-0.15217391304347838,0.04482818374443995,Vulnerable
ECX,2025-01-27,1.75,2025-02-10,1.91,0.09142857142857141,0.009142900901601747,0.08228567052696967,1,0.06521230435833403,-0.08522727272727271,0.04930750029712144,Vulnerable
EGHT,2025-01-27,2.81,2025-02-10,2.86,0.017793594306049654,0.009142900901601747,0.008650693404447907,1,0.020504550048662917,-0.09731543624161076,0.041708731262845584,Vulnerable
ENPH,2025-01-27,63.95,2025-02-10,63.05,-0.014073494917904661,0.009142900901601747,-0.023216395819506408,1,0.003128029993933912,-0.05202225229288837,0.02519008857121863,Vulnerable
EPAM,2025-01-27,252.06,2025-02-10,260.0,0.031500436404030774,0.009142900901601747,0.022357535502429027,1,0.03523045371728328,-0.01767656972642484,0.012673891640128726,Vulnerable
ERIC,2025-01-27,7.3605,2025-02-10,7.2843,-0.010352557570817211,0.009142900901601747,-0.01949545847241896,1,0.00975306619657701,-0.03363901908837719,0.013908188566816233,Vulnerable
ESE,2025-01-27,130.8604,2025-02-10,162.338,0.24054335765441648,0.009142900901601747,0.23140045675281473,1,0.2313745119227948,-0.01934763987196264,0.059935957871579584,Vulnerable
ESTC,2025-01-27,104.92,2025-02-10,116.39,0.10932138772398026,0.009142900901601747,0.10017848682237851,1,0.12259394380898403,-0.056716417910448014,0.04128770778539384,Vulnerable
EVCM,2025-01-27,10.39,2025-02-10,10.93,0.05197305101058691,0.009142900901601747,0.042830150108985166,1,0.06402198491968547,-0.05313092979127121,0.02289207981921808,Vulnerable
EVER,2025-01-27,20.89,2025-02-10,21.52,0.030157970320727534,0.009142900901601747,0.021015069419125787,1,0.2277496393306696,-0.038295835327908034,0.06317679916524842,Vulnerable
EVLV,2025-01-27,4.01,2025-02-10,3.99,-0.004987531172069737,0.009142900901601747,-0.014130432073671484,1,-0.03279156713303877,-0.05896226415094341,0.02860185221603874,Vulnerable
EVTC,2025-01-27,32.6264,2025-02-10,33.1931,0.017369369590270578,0.009142900901601747,0.008226468688668831,1,0.03576425758534574,-0.019499546379618926,0.009722200874381439,Vulnerable
EXFY,2025-01-27,3.44,2025-02-10,3.86,0.12209302325581395,0.009142900901601747,0.1129501223542122,1,0.10811555630834468,-0.032786885245901565,0.03165079679527636,Vulnerable
EXTR,2025-01-27,16.25,2025-02-10,15.53,-0.04430769230769238,0.009142900901601747,-0.05345059320929413,1,-0.08263631858812581,-0.06338461538461537,0.022626987838296576,Vulnerable
FA,2025-01-27,18.93,2025-02-10,19.35,0.022187004754358197,0.009142900901601747,0.01304410385275645,1,0.051758938150073486,-0.017080745341615078,0.012791589411237857,Vulnerable
FCEL,2025-01-27,7.82,2025-02-10,7.25,-0.07289002557544766,0.009142900901601747,-0.0820329264770494,1,-0.13455993565324975,-0.07289002557544788,0.039814833613633124,Vulnerable
FDS,2025-01-27,467.553,2025-02-10,453.0278,-0.031066424555077132,0.009142900901601747,-0.04020932545667888,1,-0.008473734507716268,-0.031066424555077132,0.010961984093673783,Vulnerable
FELE,2025-01-27,98.344,2025-02-10,100.3137,0.020028674855608886,0.009142900901601747,0.010885773954007139,1,0.036740257718649194,-0.011831936874644011,0.008012198460488184,Vulnerable
FFIV,2025-01-27,263.01,2025-02-10,308.35,0.17238888255199436,0.009142900901601747,0.1632459816503926,1,0.13411856499492292,-0.020863738888152072,0.03784045849650787,Vulnerable
FIVN,2025-01-27,39.84,2025-02-10,41.0,0.029116465863453733,0.009142900901601747,0.019973564961851986,1,0.038863378119037395,-0.04553946753853344,0.023708399010764835,Vulnerable
FLEX,2025-01-27,38.85,2025-02-10,43.02,0.10733590733590748,0.009142900901601747,0.09819300643430573,1,-0.012208585982946607,-0.037547528517110296,0.04679948857797532,Vulnerable
FLUT,2025-01-27,262.69,2025-02-10,269.3,0.025162739350565344,0.009142900901601747,0.016019838448963597,1,0.013187636107600431,-0.03176587374535822,0.012431081897484502,Vulnerable
FN,2025-01-27,202.03,2025-02-10,210.89,0.04385487303865765,0.009142900901601747,0.0347119721370559,1,-0.16435178327958422,-0.0818705673758865,0.07692229742934752,Vulnerable
FORM,2025-01-27,38.26,2025-02-10,35.73,-0.06612650287506538,0.009142900901601747,-0.07526940377666713,1,-0.13930236996293233,-0.13107976653696507,0.040810950210812616,Vulnerable
FROG,2025-01-27,34.44,2025-02-10,36.54,0.060975609756097615,0.009142900901601747,0.05183270885449587,1,0.05510847792928841,-0.028235951915012714,0.01828942244662524,Vulnerable
FRSH,2025-01-27,17.99,2025-02-10,18.3,0.017231795441912334,0.009142900901601747,0.008088894540310587,1,0.011072433834220963,-0.09417721518987343,0.03603689222867673,Vulnerable
FRSX,2025-01-27,22.365,2025-02-10,20.307,-0.09201877934272296,0.009142900901601747,-0.1011616802443247,1,-0.25612097543877155,-0.10462962962962963,0.06664855778455207,Vulnerable
FSLR,2025-01-27,164.31,2025-02-10,162.89,-0.008642200718154802,0.009142900901601747,-0.01778510161975655,1,-0.024915937825572554,-0.03237495544730917,0.022701052956604944,Vulnerable
FSLY,2025-01-27,10.11,2025-02-10,10.58,0.04648862512364005,0.009142900901601747,0.0373457242220383,1,0.040127600364432414,-0.08516483516483497,0.036427914447914954,Vulnerable
FTCI,2025-01-27,3.97,2025-02-10,3.41,-0.1410579345088161,0.009142900901601747,-0.15020083541041784,1,-0.19372371180755277,-0.16707616707616713,0.032930996951713636,Vulnerable
FTNT,2025-01-27,96.77,2025-02-10,109.55,0.13206572284799,0.009142900901601747,0.12292282194638826,1,0.12913819505205526,-0.005008514474606707,0.01353943106692883,Vulnerable
GCT,2025-01-27,19.91,2025-02-10,20.33,0.021094927172275124,0.009142900901601747,0.011952026270673377,1,-0.019967604434493746,-0.13077939233817715,0.04846296148247136,Vulnerable
GDDY,2025-01-27,204.93,2025-02-10,211.57,0.032401307763626486,0.009142900901601747,0.02325840686202474,1,0.026414924485565705,-0.020900396547702593,0.015434085744500581,Vulnerable
GDRX,2025-01-27,4.85,2025-02-10,4.96,0.022680412371134162,0.009142900901601747,0.013537511469532415,1,0.008897378212266771,-0.0505050505050505,0.020139766873364485,Vulnerable
GDS,2025-01-27,21.24,2025-02-10,29.25,0.3771186440677967,0.009142900901601747,0.36797574316619497,1,0.27795281133829586,-0.058134490238611725,0.06622808845260614,Vulnerable
GDYN,2025-01-27,21.27,2025-02-10,22.95,0.0789844851904089,0.009142900901601747,0.06984158428880716,1,0.04819009622836212,-0.04573804573804585,0.027252351339346566,Vulnerable
GEN,2025-01-27,26.8699,2025-02-10,27.4857,0.022917837431475352,0.009142900901601747,0.013774936529873605,1,0.030426649865470945,-0.03513823828266849,0.014596183091052794,Vulnerable
GFS,2025-01-27,41.18,2025-02-10,37.74,-0.0835356969402622,0.009142900901601747,-0.09267859784186394,1,-0.09250677983632949,-0.09060240963855426,0.015705690855107465,Vulnerable
GILT,2025-01-27,6.77,2025-02-10,7.42,0.09601181683899562,0.009142900901601747,0.08686891593739388,1,0.02748507439132819,-0.031372549019607954,0.031179010110735803,Vulnerable
GLBE,2025-01-27,58.03,2025-02-10,61.82,0.06531104601068405,0.009142900901601747,0.0561681451090823,1,0.09234441851013486,-0.03446569920844322,0.020744954259297253,Vulnerable
GLOB,2025-01-27,207.56,2025-02-10,216.18,0.041530159953748313,0.009142900901601747,0.032387259052146566,1,0.06336553984656668,-0.007288420043154997,0.012081737668818442,Vulnerable
GNRC,2025-01-27,155.3,2025-02-10,145.07,-0.06587250482936269,0.009142900901601747,-0.07501540573096444,1,-0.07459146122250315,-0.0849323889246617,0.020079311517340083,Vulnerable
GNS,2025-01-27,0.573,2025-02-10,0.375,-0.3455497382198952,0.009142900901601747,-0.35469263912149696,1,-0.4729307652949556,-0.34554973821989543,0.05128778763228958,Vulnerable
GOOGL,2025-01-27,190.9273,2025-02-10,185.6119,-0.02783991603086622,0.009142900901601747,-0.036982816932467966,1,-0.06090091374365347,-0.10194795996500994,0.03160995439213854,Vulnerable
GRND,2025-01-27,17.81,2025-02-10,17.96,0.008422234699607012,0.009142900901601747,-0.0007206662019947352,1,-0.0013679145161157313,-0.016075388026607462,0.00942094397783686,Vulnerable
GRRR,2025-01-27,12.62,2025-02-10,21.27,0.685419968304279,0.009142900901601747,0.6762770674026772,1,0.3831334983253539,-0.09979064898813661,0.10549336799158722,Vulnerable
GRVY,2025-01-27,61.09,2025-02-10,62.75,0.027173023408086472,0.009142900901601747,0.018030122506484725,1,0.012792696992300234,-0.01768941765810883,0.012241291307872664,Vulnerable
GSIT,2025-01-27,2.86,2025-02-10,3.17,0.10839160839160833,0.009142900901601747,0.09924870749000658,1,0.003709247966932838,-0.04109589041095896,0.04690422010509381,Vulnerable
GTLB,2025-01-27,64.76,2025-02-10,71.28,0.10067943174799243,0.009142900901601747,0.09153653084639068,1,0.1102859461105562,-0.046323024054982676,0.044859079537462564,Vulnerable
GTM,2025-01-27,10.11,2025-02-10,10.28,0.016815034619188873,0.009142900901601747,0.007672133717587126,1,0.03699744969645968,-0.04761904761904778,0.022399760500615967,Vulnerable
GWRE,2025-01-27,202.8,2025-02-10,218.12,0.075542406311637,0.009142900901601747,0.06639950541003525,1,0.06339897990194898,-0.021492072220694602,0.014448325753848029,Vulnerable
GXAI,2025-01-27,1.74,2025-02-10,1.54,-0.11494252873563215,0.009142900901601747,-0.1240854296372339,1,-0.2328658835263766,-0.1954022988505748,0.05547500828973287,Vulnerable
HCAT,2025-01-27,5.68,2025-02-10,5.75,0.012323943661971981,0.009142900901601747,0.003181042760370234,1,0.007609463828180618,-0.06791171477079783,0.03513791786559092,Vulnerable
HCTI,2025-01-27,12265.7402,2025-02-10,9113.4004,-0.25700363358421696,0.009142900901601747,-0.2661465344858187,1,-0.24499421095441576,-0.2570036335842172,0.04798453589544238,Vulnerable
HEPS,2025-01-27,3.06,2025-02-10,3.58,0.16993464052287588,0.009142900901601747,0.16079173962127413,1,0.14546917086004163,-0.024523160762942697,0.02122081146869696,Vulnerable
HIMX,2025-01-27,8.9163,2025-02-10,9.1276,0.023698170765900528,0.009142900901601747,0.014555269864298781,1,-0.23722815953406462,-0.08003455616920185,0.09839247952952945,Vulnerable
HLIT,2025-01-27,11.56,2025-02-10,11.12,-0.03806228373702436,0.009142900901601747,-0.04720518463862611,1,-0.056640479446597336,-0.04844290657439454,0.014644728943478617,Vulnerable
HNST,2025-01-27,6.04,2025-02-10,6.09,0.008278145695364225,0.009142900901601747,-0.0008647552062375219,1,0.005274829139729986,-0.12388059701492582,0.0374773399168582,Vulnerable
HOLO,2025-01-27,67.2,2025-02-10,52.8,-0.2142857142857144,0.009142900901601747,-0.22342861518731616,1,-0.11564680205583477,-0.32307692307692315,0.08937204519274997,Vulnerable
HOUR,2025-01-27,2.0,2025-02-10,2.28,0.1399999999999999,0.009142900901601747,0.13085709909839816,1,0.13135649967774699,-0.050209205020920744,0.0649260515893838,Vulnerable
HPE,2025-01-27,22.2044,2025-02-10,20.7338,-0.06623011655347588,0.009142900901601747,-0.07537301745507763,1,-0.11834067197716713,-0.10849651420439199,0.030041058173032043,Vulnerable
HPQ,2025-01-27,31.4061,2025-02-10,30.9255,-0.01530275965497141,0.009142900901601747,-0.024445660556573157,1,0.00844795203215265,-0.039903076153995465,0.013107733146849673,Vulnerable
HSTM,2025-01-27,31.996,2025-02-10,33.2981,0.04069571196399546,0.009142900901601747,0.031552811062393715,1,0.04489601716274161,-0.010181176123198465,0.008963330465054571,Vulnerable
HUBB,2025-01-27,407.9872,2025-02-10,393.4897,-0.03553420303382049,0.009142900901601747,-0.044677103935422235,1,-0.11951838506115464,-0.07403228537925777,0.030235188343419688,Vulnerable
HUBC,2025-01-27,104.55,2025-02-10,121.35,0.16068866571018647,0.009142900901601747,0.15154576480858473,1,0.2823456156255669,-0.3368852459016394,0.13882347073814127,Vulnerable
HUBS,2025-01-27,758.43,2025-02-10,805.57,0.06215471434410569,0.009142900901601747,0.05301181344250394,1,0.11174461770285249,-0.03896447134928349,0.02572507713672851,Vulnerable
HUYA,2025-01-27,2.0558,2025-02-10,2.1665,0.05384765054966434,0.009142900901601747,0.04470474964806259,1,-0.006185663570745681,-0.06163973668461986,0.038569633332797955,Vulnerable
IAC,2025-01-27,35.4389,2025-02-10,33.9377,-0.04236023127128652,0.009142900901601747,-0.051503132172888266,1,-0.022627147001005654,-0.04435033100834351,0.017760367917790888,Vulnerable
IBM,2025-01-27,217.2463,2025-02-10,243.2238,0.1195762597567831,0.009142900901601747,0.11043335885518135,1,0.12376050184811227,-0.05115831622048417,0.04232293939787979,Vulnerable
ICHR,2025-01-27,26.81,2025-02-10,34.06,0.27042148452070136,0.009142900901601747,0.2612785836190996,1,0.17163123824530002,-0.02419646081617921,0.05549988418930021,Vulnerable
IFNNY,2025-01-27,34.4845,2025-02-10,37.2869,0.08126549609244749,0.009142900901601747,0.07212259519084574,1,0.07791945124313637,-0.0895358784381387,0.04452543857013722,Vulnerable
IMMR,2025-01-27,8.1767,2025-02-10,8.1379,-0.004745190602565841,0.009142900901601747,-0.013888091504167588,1,-0.003737152698899071,-0.03994281768290486,0.013426957783378938,Vulnerable
INDI,2025-01-27,4.18,2025-02-10,3.97,-0.05023923444976064,0.009142900901601747,-0.059382135351362386,1,-0.062369067411593204,-0.08101851851851849,0.03262795050302262,Vulnerable
INFY,2025-01-27,20.9254,2025-02-10,21.246,0.015321093025700838,0.009142900901601747,0.006178192124099091,1,0.0139964319143282,-0.024575234345534214,0.009183117709742753,Vulnerable
INOD,2025-01-27,33.19,2025-02-10,44.33,0.3356432660439892,0.009142900901601747,0.32650036514238745,1,0.12545806472284982,-0.00916936353829545,0.06682331681118528,Vulnerable
INSG,2025-01-27,11.54,2025-02-10,12.81,0.11005199306759117,0.009142900901601747,0.10090909216598942,1,0.055533317232875246,-0.050190114068441094,0.04094300083709667,Vulnerable
INTA,2025-01-27,67.62,2025-02-10,71.05,0.0507246376811592,0.009142900901601747,0.041581736779557454,1,0.03558354609095238,-0.03346483471636519,0.029822365663275743,Vulnerable
INTC,2025-01-27,20.29,2025-02-10,19.77,-0.025628388368654442,0.009142900901601747,-0.03477128927025619,1,-0.04524055608945177,-0.058649581074420865,0.02012857890128422,Vulnerable
INTU,2025-01-27,600.6747,2025-02-10,581.0887,-0.0326066671361388,0.009142900901601747,-0.04174956803774055,1,-0.013054003449524787,-0.04577818909303155,0.012975249173007665,Vulnerable
IONQ,2025-01-27,38.54,2025-02-10,41.07,0.06564608199273492,0.009142900901601747,0.05650318109113317,1,0.016324383796958664,-0.04135160680529293,0.027849207571544785,Vulnerable
IOT,2025-01-27,49.33,2025-02-10,55.02,0.11534563146158527,0.009142900901601747,0.10620273055998353,1,0.13997616625607212,-0.016402933230413086,0.01904738099171792,Vulnerable
IPGP,2025-01-27,70.62,2025-02-10,67.4,-0.04559614839988668,0.009142900901601747,-0.05473904930148843,1,-0.08618533520236238,-0.08336733306133548,0.02347676093600006,Vulnerable
JBL,2025-01-27,159.2065,2025-02-10,166.1823,0.04381605022408008,0.009142900901601747,0.034673149322478336,1,-0.03129018606906275,-0.019429462843370326,0.02724243460157666,Vulnerable
JKHY,2025-01-27,174.6039,2025-02-10,170.7304,-0.022184498742582548,0.009142900901601747,-0.031327399644184295,1,0.004081440869752262,-0.027139714519549663,0.010050487849451754,Vulnerable
JKS,2025-01-27,19.4066,2025-02-10,20.3464,0.048426823864046176,0.009142900901601747,0.03928392296244443,1,0.041567633010571425,-0.0605613148427232,0.03095534538569179,Vulnerable
JMIA,2025-01-27,3.86,2025-02-10,4.15,0.07512953367875652,0.009142900901601747,0.06598663277715477,1,0.05457704472705882,-0.07600950118764838,0.039774014938095015,Vulnerable
JOYY,2025-01-27,41.1064,2025-02-10,42.4267,0.03211908607905323,0.009142900901601747,0.02297618517745148,1,-0.007796369128933556,-0.044099197700533166,0.026859148302610564,Vulnerable
KC,2025-01-27,11.0,2025-02-10,18.365,0.6695454545454544,0.009142900901601747,0.6604025536438527,1,0.5788368704100418,-0.053463855421686746,0.0789511027653511,Vulnerable
KD,2025-01-27,37.93,2025-02-10,41.02,0.08146585815976803,0.009142900901601747,0.07232295725816629,1,0.05341859159742235,-0.05592635212888364,0.03641298701585985,Vulnerable
KLIC,2025-01-27,41.8557,2025-02-10,40.4306,-0.03404793134507367,0.009142900901601747,-0.043190832246675415,1,-0.07886074280031785,-0.0660651504021661,0.020761480098078308,Vulnerable
KOPN,2025-01-27,1.86,2025-02-10,1.78,-0.043010752688172116,0.009142900901601747,-0.05215365358977386,1,-0.10690310193050523,-0.11827956989247324,0.06236595061896853,Vulnerable
KSCP,2025-01-27,10.17,2025-02-10,10.45,0.027531956735496577,0.009142900901601747,0.01838905583389483,1,-0.0627990986697311,-0.0873362445414847,0.057135140921402865,Vulnerable
KULR,2025-01-27,17.6,2025-02-10,20.8,0.18181818181818166,0.009142900901601747,0.1726752809165799,1,0.10732780446258028,-0.09090909090909094,0.1023048782689398,Vulnerable
KVYO,2025-01-27,43.32,2025-02-10,49.19,0.13550323176361956,0.009142900901601747,0.1263603308620178,1,0.128070074369397,-0.0339436329973255,0.026828192451251433,Vulnerable
LAES,2025-01-27,3.99,2025-02-10,4.33,0.08521303258145352,0.009142900901601747,0.07607013167985177,1,0.054618634818153544,-0.2506265664160402,0.09539460447794376,Vulnerable
LASR,2025-01-27,11.245,2025-02-10,11.05,-0.01734104046242757,0.009142900901601747,-0.026483941364029318,1,-0.06176086732393826,-0.04833040421792589,0.024632743680966792,Vulnerable
LAW,2025-01-27,4.97,2025-02-10,5.25,0.05633802816901423,0.009142900901601747,0.047195127267412484,1,0.08012290900189178,-0.07366482504604044,0.03532972580394322,Vulnerable
LDOS,2025-01-27,146.5977,2025-02-10,140.979,-0.03832734074272648,0.009142900901601747,-0.047470241644328226,1,-0.013173823732318568,-0.05516662266870487,0.017291366608408514,Vulnerable
LEDS,2025-01-27,1.53,2025-02-10,1.58,0.03267973856209161,0.009142900901601747,0.023536837660489862,1,-0.06853129128027224,-0.07692307692307698,0.04655049475788523,Vulnerable
LIF,2025-01-27,46.23,2025-02-10,45.19,-0.02249621457927753,0.009142900901601747,-0.031639115480879276,1,-0.03792772957132473,-0.10104821802935027,0.03283786585456502,Vulnerable
LITE,2025-01-27,74.17,2025-02-10,81.93,0.10462451125792116,0.009142900901601747,0.09548161035631941,1,-0.11058145433000299,-0.11589511168662991,0.08282349103666053,Vulnerable
LOGC,2025-01-27,7.15,2025-02-10,7.77,0.08671328671328671,0.009142900901601747,0.07757038581168496,1,0.10228778123177074,-0.03500000000000003,0.023002025244154175,Vulnerable
LOGI,2025-01-27,90.685,2025-02-10,99.1039,0.09283674257043595,0.009142900901601747,0.0836938416688342,1,0.10465167923833396,-0.028309107947827372,0.018802756330017375,Vulnerable
LPL,2025-01-27,3.19,2025-02-10,3.2,0.0031347962382446415,0.009142900901601747,-0.006008104663357106,1,-0.006298304026698842,-0.053254437869822424,0.029501037515526973,Vulnerable
LPSN,2025-01-27,19.05,2025-02-10,20.25,0.06299212598425186,0.009142900901601747,0.05384922508265011,1,0.040220270655200396,-0.09655172413793112,0.05105469437671297,Vulnerable
LSCC,2025-01-27,55.34,2025-02-10,54.47,-0.015720997470184406,0.009142900901601747,-0.024863898371786153,1,-0.04267752256330082,-0.06541564363381291,0.02138639599848574,Vulnerable
LSPD,2025-01-27,14.3,2025-02-10,13.31,-0.0692307692307692,0.009142900901601747,-0.07837367013237095,1,-0.07874212584884577,-0.1416893732970027,0.04877857782534378,Vulnerable
LUXE,2025-01-27,9.24,2025-02-10,10.0,0.08225108225108224,0.009142900901601747,0.0731081813494805,1,0.08147566964612851,-0.0431499460625675,0.023395565808258145,Vulnerable
LYTHF,2025-01-27,1675.0,2025-02-10,632.5,-0.6223880597014926,0.009142900901601747,-0.6315309606030943,1,-0.9153910438102625,-0.6279411764705882,0.100858760193706,Vulnerable
LZ,2025-01-27,9.0,2025-02-10,9.22,0.02444444444444449,0.009142900901601747,0.015301543542842744,1,0.09794060729104082,-0.04216216216216229,0.025415012321605916,Vulnerable
MANH,2025-01-27,288.23,2025-02-10,177.7,-0.38347847205356844,0.009142900901601747,-0.3926213729551702,1,-0.43675355422395146,-0.3978312436462218,0.078183022125336,Vulnerable
MAPS,2025-01-27,1.33,2025-02-10,1.29,-0.03007518796992481,0.009142900901601747,-0.03921808887152656,1,-0.0189364543144821,-0.10416666666666674,0.03684266639916071,Vulnerable
MAXN,2025-01-27,6.01,2025-02-10,5.19,-0.13643926788685512,0.009142900901601747,-0.14558216878845687,1,-0.20897932698392885,-0.16290322580645167,0.03800192358006801,Vulnerable
MBLY,2025-01-27,16.17,2025-02-10,17.97,0.11131725417439675,0.009142900901601747,0.102174353272795,1,0.09725018092749738,-0.04727707959305805,0.04376708027805502,Vulnerable
MCHP,2025-01-27,55.1542,2025-02-10,50.1621,-0.09051169267254355,0.009142900901601747,-0.0996545935741453,1,-0.07355032548160512,-0.09330749063534594,0.016671748545334215,Vulnerable
MDB,2025-01-27,264.58,2025-02-10,286.36,0.0823191473278404,0.009142900901601747,0.07317624642623866,1,0.09876524078312388,-0.05341549295774617,0.029029597865865182,Vulnerable
MEI,2025-01-27,11.6957,2025-02-10,9.6211,-0.17738143078225332,0.009142900901601747,-0.18652433168385507,1,-0.2510794003138628,-0.17738143078225332,0.03238393927253595,Vulnerable
META,2025-01-27,657.243,2025-02-10,714.5331,0.08716730341745738,0.009142900901601747,0.07802440251585563,1,0.10810448120973071,0.0,0.007122801219197934,Vulnerable
MGNI,2025-01-27,16.79,2025-02-10,20.62,0.2281119714115547,0.009142900901601747,0.21896907050995296,1,0.20517824523225237,-0.025980160604629265,0.0407685710735602,Vulnerable
MITK,2025-01-27,10.17,2025-02-10,11.02,0.08357915437561458,0.009142900901601747,0.07443625347401284,1,0.08802123898514469,-0.025072324011571667,0.018226984689910075,Vulnerable
MLGO,2025-01-27,54.9,2025-02-10,39.9,-0.27322404371584696,0.009142900901601747,-0.2823669446174487,1,-0.08948078380556668,-0.31443298969072164,0.09015842531641866,Vulnerable
MNDR,2025-01-27,11.6,2025-02-10,11.2,-0.034482758620689724,0.009142900901601747,-0.04362565952229147,1,-0.07281112747860474,-0.07931034482758614,0.029309579325617056,Vulnerable
MNDY,2025-01-27,245.97,2025-02-10,326.58,0.3277228930357361,0.009142900901601747,0.31857999213413435,1,0.3174924281153966,-0.08704514570436361,0.08805838388580865,Vulnerable
MOMO,2025-01-27,6.6268,2025-02-10,6.8615,0.03541679241866369,0.009142900901601747,0.026273891517061942,1,0.04490655999055182,-0.053614645662276805,0.027712324201237613,Vulnerable
MPWR,2025-01-27,594.6551,2025-02-10,698.1573,0.174054170224051,0.009142900901601747,0.16491126932244926,1,0.056776116164509505,-0.020673442509720585,0.05020061806131117,Vulnerable
MQ,2025-01-27,3.84,2025-02-10,3.81,-0.0078125,0.009142900901601747,-0.016955400901601747,1,0.016858335954198167,-0.05555555555555547,0.01701810901704117,Vulnerable
MRCY,2025-01-27,41.1,2025-02-10,46.99,0.14330900243309008,0.009142900901601747,0.13416610153148834,1,0.12061713577703814,-0.0908179631114675,0.06547916064480498,Vulnerable
MRVL,2025-01-27,99.9459,2025-02-10,112.3682,0.1242902410203921,0.009142900901601747,0.11514734011879035,1,-0.0615666713732852,-0.07229034335576912,0.07137324094651513,Vulnerable
MSFT,2025-01-27,430.3954,2025-02-10,408.2696,-0.05140807731681141,0.009142900901601747,-0.060550978218413154,1,-0.06665536048280962,-0.08374349535711656,0.02276360203122125,Vulnerable
MSGM,2025-01-27,1.45,2025-02-10,1.34,-0.07586206896551717,0.009142900901601747,-0.08500496986711892,1,-0.08104003691927786,-0.10738255033557031,0.03574367521174218,Vulnerable
MSI,2025-01-27,461.9885,2025-02-10,475.2975,0.02880807639151195,0.009142900901601747,0.019665175489910203,1,0.01101168176880285,-0.010378613320461416,0.012627674347702832,Vulnerable
MSPR,2025-01-27,13.79,2025-02-10,17.57,0.2741116751269037,0.009142900901601747,0.26496877422530196,1,0.3592093911096961,-0.1404109589041097,0.20833660676094812,Vulnerable
MTC,2025-01-27,1.54,2025-02-10,1.62,0.051948051948051965,0.009142900901601747,0.04280515104645022,1,-0.024261528114197017,-0.07142857142857151,0.051336903279685014,Vulnerable
MTCH,2025-01-27,33.9721,2025-02-10,32.6516,-0.0388701316668677,0.009142900901601747,-0.04801303256846945,1,-0.0027803932404507625,-0.07924256544946207,0.031379768789969904,Vulnerable
MTLS,2025-01-27,8.05,2025-02-10,8.86,0.10062111801242213,0.009142900901601747,0.09147821711082038,1,0.0865871891259885,-0.03815028901734108,0.02859539456817045,Vulnerable
MTSI,2025-01-27,122.31,2025-02-10,122.75,0.003597416400948461,0.009142900901601747,-0.005545484500653286,1,-0.14013706941646087,-0.095631032196272,0.05208470190837598,Vulnerable
MU,2025-01-27,90.7742,2025-02-10,95.5765,0.052903798656446455,0.009142900901601747,0.04376089775484471,1,-0.05754383786940753,-0.03138997644705199,0.044351462646546755,Vulnerable
MVIS,2025-01-27,1.56,2025-02-10,1.52,-0.02564102564102566,0.009142900901601747,-0.03478392654262741,1,-0.0917862118790308,-0.1366459627329193,0.07224639996569607,Vulnerable
MX,2025-01-27,4.02,2025-02-10,4.49,0.11691542288557222,0.009142900901601747,0.10777252198397047,1,0.09711292603559785,-0.03253796095444694,0.042377888646143,Vulnerable
MXL,2025-01-27,19.04,2025-02-10,16.58,-0.129201680672269,0.009142900901601747,-0.13834458157387075,1,-0.278590270371453,-0.24460761817347376,0.09204619086774365,Vulnerable
NABL,2025-01-27,9.6,2025-02-10,9.99,0.04062500000000013,0.009142900901601747,0.031482099098398386,1,0.04021713173870023,-0.01624365482233514,0.011787430832255225,Vulnerable
NATL,2025-01-27,32.21,2025-02-10,31.05,-0.03601366035392739,0.009142900901601747,-0.04515656125552914,1,-0.04016689323318268,-0.05423522242535039,0.015110726435266146,Vulnerable
NBIS,2025-01-27,26.08,2025-02-10,40.97,0.5709355828220859,0.009142900901601747,0.5617926819204841,1,0.10435630518816152,-0.016521739130434754,0.1368302295197779,Vulnerable
NCNO,2025-01-27,33.76,2025-02-10,32.96,-0.023696682464454888,0.009142900901601747,-0.032839583366056635,1,0.018838091923517708,-0.06808388394139608,0.02046093131539458,Vulnerable
NET,2025-01-27,126.47,2025-02-10,172.49,0.36388076223610355,0.009142900901601747,0.3547378613345018,1,0.34736766411550246,-0.025289327046721044,0.06028387989064498,Vulnerable
NEXN,2025-01-27,9.26,2025-02-10,9.7,0.04751619870410373,0.009142900901601747,0.03837329780250198,1,0.04227838894514335,-0.03983656792645551,0.023697858672973363,Vulnerable
NICE,2025-01-27,170.58,2025-02-10,173.84,0.01911126744049718,0.009142900901601747,0.009968366538895435,1,0.07969233121444752,-0.045550474850510114,0.026012319887762404,Vulnerable
NJDCY,2025-01-27,4.4542,2025-02-10,4.3153,-0.03118405100803745,0.009142900901601747,-0.0403269519096392,1,-0.05598118454210499,-0.06903596605451046,0.016567251631186393,Vulnerable
NNDM,2025-01-27,2.25,2025-02-10,2.64,0.17333333333333334,0.009142900901601747,0.1641904324317316,1,0.13573890811191558,-0.05327868852459006,0.044509758814680375,Vulnerable
NOK,2025-01-27,4.3803,2025-02-10,4.7333,0.08058808757391045,0.009142900901601747,0.0714451866723087,1,0.08264135988986221,-0.021289617486338952,0.021440624397347823,Vulnerable
NOW,2025-01-27,228.124,2025-02-10,204.362,-0.10416264838421208,0.009142900901601747,-0.11330554928581382,1,-0.08313572716330497,-0.1385008415998088,0.03824823957223191,Vulnerable
NPWR,2025-01-27,8.25,2025-02-10,8.36,0.013333333333333197,0.009142900901601747,0.00419043243173145,1,-0.15254954274187593,-0.04477611940298509,0.05592710445239432,Vulnerable
NRDS,2025-01-27,14.61,2025-02-10,13.72,-0.060917180013689176,0.009142900901601747,-0.07006008091529092,1,0.00840551705552084,-0.09438943894389462,0.03403569118942693,Vulnerable
NSIT,2025-01-27,172.16,2025-02-10,167.6,-0.026486988847583604,0.009142900901601747,-0.03562988974918535,1,-0.030847886055123674,-0.03752873563218406,0.010658936455224937,Vulnerable
NSSC,2025-01-27,34.4534,2025-02-10,25.5239,-0.2591761625848247,0.009142900901601747,-0.2683190634864264,1,-0.28718591288711626,-0.31048441283832506,0.08362661592471116,Vulnerable
NTAP,2025-01-27,116.9043,2025-02-10,119.9163,0.02576466391740939,0.009142900901601747,0.016621763015807645,1,-0.017188161201378338,-0.022215165532895154,0.01920474188465321,Vulnerable
NTCT,2025-01-27,22.17,2025-02-10,24.66,0.11231393775372123,0.009142900901601747,0.10317103685211948,1,0.08719011664074583,-0.04868316041500398,0.04426424179049058,Vulnerable
NTES,2025-01-27,98.3864,2025-02-10,101.2622,0.029229649626371312,0.009142900901601747,0.020086748724769565,1,0.02366146731165253,-0.03499219475566606,0.019971910865035206,Vulnerable
NTGR,2025-01-27,25.82,2025-02-10,30.35,0.1754453911696361,0.009142900901601747,0.16630249026803434,1,0.09624605839788147,-0.009365994236311348,0.031555438134348315,Vulnerable
NTNX,2025-01-27,62.97,2025-02-10,71.75,0.1394314753057011,0.009142900901601747,0.13028857440409936,1,0.11305891996668638,-0.014806537225869665,0.029326247362942134,Vulnerable
NVDA,2025-01-27,118.3812,2025-02-10,133.5263,0.12793500995090423,0.009142900901601747,0.11879210904930249,1,-0.03632425021057584,-0.09558906782434462,0.06735299050832723,Vulnerable
NVNI,2025-01-27,43.3,2025-02-10,42.5,-0.018475750577367167,0.009142900901601747,-0.027618651478968914,1,0.05763015990091369,-0.3789004457652303,0.13175898853235396,Vulnerable
NVTS,2025-01-27,2.99,2025-02-10,2.91,-0.026755852842809347,0.009142900901601747,-0.035898753744411094,1,-0.15191443428415985,-0.07324840764331209,0.047889439396054403,Vulnerable
NXDR,2025-01-27,2.45,2025-02-10,2.73,0.1142857142857141,0.009142900901601747,0.10514281338411235,1,0.09727011464340762,-0.03773584905660354,0.028829796057928632,Vulnerable
NXPI,2025-01-27,210.0234,2025-02-10,205.1116,-0.023386917838678967,0.009142900901601747,-0.032529818740280714,1,-0.008923405181190391,-0.058954859315676345,0.021127539380410527,Vulnerable
NXTT,2025-01-27,278.0,2025-02-10,246.0,-0.1151079136690647,0.009142900901601747,-0.12425081457066645,1,-0.11643488526556334,-0.1398601398601399,0.03877713823321228,Vulnerable
OKTA,2025-01-27,90.9,2025-02-10,97.66,0.07436743674367419,0.009142900901601747,0.06522453584207244,1,0.10122678157298348,-0.017802591383124566,0.017738980576387318,Vulnerable
OLED,2025-01-27,147.5255,2025-02-10,140.3288,-0.04878275281222566,0.009142900901601747,-0.05792565371382741,1,-0.04546717302384484,-0.056417513148049325,0.022263779001145866,Vulnerable
OMCL,2025-01-27,44.35,2025-02-10,42.4,-0.043968432919955,0.009142900901601747,-0.05311133382155675,1,-0.01427467783151648,-0.12977267711322005,0.04243318539002751,Vulnerable
ON,2025-01-27,53.94,2025-02-10,47.04,-0.12791991101223577,0.009142900901601747,-0.1370628119138375,1,-0.13709471583949828,-0.12791991101223543,0.028731570808119063,Vulnerable
ONDS,2025-01-27,1.94,2025-02-10,2.1,0.08247422680412386,0.009142900901601747,0.07333132590252212,1,0.0561970900249944,-0.17525773195876282,0.067084093884641,Vulnerable
ONTF,2025-01-27,6.69,2025-02-10,6.78,0.013452914798206317,0.009142900901601747,0.00431001389660457,1,0.03274911436344674,-0.032810271041369576,0.013937166607339246,Vulnerable
OPRA,2025-01-27,16.2446,2025-02-10,20.5415,0.2645125149280376,0.009142900901601747,0.2553696140264359,1,0.18848926000196586,-0.05422567433347836,0.04661982835138134,Vulnerable
ORCL,2025-01-27,156.1468,2025-02-10,176.5087,0.13040228810324628,0.009142900901601747,0.12125938720164453,1,-0.0077928519282650655,-0.014614733841095795,0.04953505507187421,Vulnerable
ORKT,2025-01-27,5.28,2025-02-10,4.84,-0.08333333333333337,0.009142900901601747,-0.09247623423493512,0,0.8976737250175203,-0.3005780346820809,0.3006071887534905,Resilient
OS,2025-01-27,29.38,2025-02-10,30.12,0.025187202178352797,0.009142900901601747,0.01604430127675105,1,0.0007430968253858694,-0.05784442979564952,0.028909802927858268,Vulnerable
OSIS,2025-01-27,193.6,2025-02-10,206.42,0.0662190082644627,0.009142900901601747,0.05707610736286095,1,0.0383170864061716,-0.0098507159540977,0.015327544567171841,Vulnerable
OSPN,2025-01-27,17.7674,2025-02-10,18.9455,0.06630683161295403,0.009142900901601747,0.057163930711352284,1,0.03175919436937902,-0.07309884785014176,0.036027090915501644,Vulnerable
OST,2025-01-27,63.75,2025-02-10,64.5,0.0117647058823529,0.009142900901601747,0.0026218049807511523,1,-0.0165101139608973,-0.12286689419795227,0.0695733607209501,Vulnerable
OTEX,2025-01-27,27.3635,2025-02-10,27.5735,0.007674456849452671,0.009142900901601747,-0.001468444052149076,1,0.010839796442823069,-0.08325087656998253,0.029090362556352188,Vulnerable
PAGS,2025-01-27,6.8027,2025-02-10,7.4044,0.08845017419554013,0.009142900901601747,0.07930727329393839,1,0.14368391516372025,-0.053505559274865666,0.04078479356769249,Vulnerable
PANW,2025-01-27,189.3,2025-02-10,196.4,0.03750660327522448,0.009142900901601747,0.028363702373622734,1,0.05224244934649247,-0.05260702809163453,0.019927662434579135,Vulnerable
PAR,2025-01-27,71.28,2025-02-10,71.5,0.0030864197530864335,0.009142900901601747,-0.006056481148515314,1,0.0013117095828204528,-0.02916609612488008,0.011419757105851608,Vulnerable
PATH,2025-01-27,13.76,2025-02-10,14.23,0.03415697674418605,0.009142900901601747,0.025014075842584305,1,0.035636337556548825,-0.08097432521395664,0.042437206175932725,Vulnerable
PAYC,2025-01-27,210.8313,2025-02-10,202.7514,-0.038324005970650554,0.009142900901601747,-0.0474669068722523,1,-0.006709423576032991,-0.06535691404618493,0.018572313603153905,Vulnerable
PBI,2025-01-27,8.8939,2025-02-10,8.4897,-0.045446879321782485,0.009142900901601747,-0.05458978022338423,1,0.049779710819908285,-0.06709092748962753,0.03384469506923711,Vulnerable
PCOR,2025-01-27,79.43,2025-02-10,76.3,-0.039405766083343896,0.009142900901601747,-0.04854866698494564,1,-0.01585497260784796,-0.07740278796771805,0.015454927237538992,Vulnerable
PCTY,2025-01-27,205.03,2025-02-10,211.61,0.03209286445885984,0.009142900901601747,0.02294996355725809,1,0.03145321829473202,-0.03929422985216968,0.020650183714187594,Vulnerable
PD,2025-01-27,19.16,2025-02-10,19.08,-0.0041753653444677186,0.009142900901601747,-0.013318266246069466,1,0.017452018706047956,-0.06250000000000011,0.020167439639397423,Vulnerable
PDFS,2025-01-27,26.1,2025-02-10,27.93,0.07011494252873551,0.009142900901601747,0.060972041627133766,1,0.02219197401585904,-0.025843503230437825,0.0268757700245129,Vulnerable
PDYN,2025-01-27,9.43,2025-02-10,12.11,0.2841993637327678,0.009142900901601747,0.275056462831166,1,0.2483420929104997,-0.1823966065747613,0.08759551370473602,Vulnerable
PEGA,2025-01-27,52.9311,2025-02-10,52.2529,-0.012812883163206612,0.009142900901601747,-0.02195578406480836,1,-0.022607262436396547,-0.06679084952145564,0.02723812699465671,Vulnerable
PENG,2025-01-27,18.86,2025-02-10,21.22,0.12513255567338288,0.009142900901601747,0.11598965477178114,1,0.039445158988318574,-0.012327416173570027,0.03372487743845372,Vulnerable
PERI,2025-01-27,8.78,2025-02-10,9.63,0.09681093394077456,0.009142900901601747,0.08766803303917281,1,0.08151583189674683,-0.042211055276381804,0.025361695602026186,Vulnerable
PHUN,2025-01-27,3.96,2025-02-10,3.86,-0.025252525252525304,0.009142900901601747,-0.03439542615412705,1,-0.08697218374160454,-0.054862842892768326,0.02801213146391521,Vulnerable
PI,2025-01-27,130.46,2025-02-10,104.84,-0.19638203280699063,0.009142900901601747,-0.20552493370859237,1,-0.2410897186239318,-0.20970903060455304,0.04841832481248453,Vulnerable
PINS,2025-01-27,33.48,2025-02-10,39.64,0.1839904420549583,0.009142900901601747,0.17484754115335654,1,0.20791329751565557,-0.01732377538829133,0.05806480919960322,Vulnerable
PL,2025-01-27,5.15,2025-02-10,6.49,0.26019417475728157,0.009142900901601747,0.2510512738556798,1,0.19248198999502097,-0.06976744186046502,0.04438128647536929,Vulnerable
PLAB,2025-01-27,22.63,2025-02-10,22.72,0.003977021652673329,0.009142900901601747,-0.005165879248928418,1,-0.019539869920369712,-0.029054640069384075,0.015571872145727451,Vulnerable
PLTK,2025-01-27,6.5036,2025-02-10,6.6938,0.029245341041884698,0.009142900901601747,0.02010244014028295,1,0.04319675393317279,-0.0362956477867965,0.014566253406466818,Vulnerable
PLTR,2025-01-27,75.44,2025-02-10,116.65,0.5462619300106046,0.009142900901601747,0.5371190291090029,1,0.42920173093082137,-0.023788885678512783,0.0780810211658202,Vulnerable
PLUG,2025-01-27,1.95,2025-02-10,1.72,-0.11794871794871797,0.009142900901601747,-0.12709161885031972,1,-0.17564643960761783,-0.12244897959183676,0.03960522502465627,Vulnerable
PLXS,2025-01-27,143.55,2025-02-10,141.76,-0.012469522814350542,0.009142900901601747,-0.02161242371595229,1,-0.06578016862884051,-0.04026845637583876,0.020198702649755033,Vulnerable
POET,2025-01-27,4.74,2025-02-10,5.14,0.0843881856540083,0.009142900901601747,0.07524528475240655,1,0.00048507580405898754,-0.0775347912524853,0.05807638034847822,Vulnerable
POWI,2025-01-27,59.6115,2025-02-10,56.5523,-0.051318956912676184,0.009142900901601747,-0.06046185781427793,1,-0.05971607520961786,-0.07423953221122515,0.02532214895835828,Vulnerable
PRCH,2025-01-27,4.31,2025-02-10,4.47,0.037122969837587005,0.009142900901601747,0.02798006893598526,1,0.022425717540113466,-0.04741379310344829,0.028680016897234307,Vulnerable
PRGS,2025-01-27,54.5,2025-02-10,58.0,0.06422018348623859,0.009142900901601747,0.055077282584636844,1,0.09612533812428492,-0.01151229722658298,0.012382384942853764,Vulnerable
PSN,2025-01-27,84.4,2025-02-10,77.97,-0.07618483412322286,0.009142900901601747,-0.0853277350248246,1,-0.0651388539348946,-0.08874407582938393,0.018611620883954853,Vulnerable
PSTG,2025-01-27,65.29,2025-02-10,70.92,0.08623066319497608,0.009142900901601747,0.07708776229337433,1,-0.006023055969545332,-0.023398654577361566,0.034733115265321,Vulnerable
PTC,2025-01-27,188.48,2025-02-10,168.42,-0.10643039049235992,0.009142900901601747,-0.11557329139396166,1,-0.10471971064295083,-0.12952243125904506,0.030492609298368577,Vulnerable
PUBM,2025-01-27,15.21,2025-02-10,16.57,0.08941485864562781,0.009142900901601747,0.08027195774402607,1,0.10843238291166779,-0.03211303789338482,0.017826163589173088,Vulnerable
QBTS,2025-01-27,5.58,2025-02-10,5.83,0.04480286738351258,0.009142900901601747,0.03565996648191083,1,-0.02714725796333306,-0.0718849840255591,0.04807810409473478,Vulnerable
QCOM,2025-01-27,166.3639,2025-02-10,166.5389,0.001051910901343378,0.009142900901601747,-0.008090990000258369,1,0.0018432571809604559,-0.044922454381574606,0.01644621442332274,Vulnerable
QLYS,2025-01-27,146.92,2025-02-10,137.7,-0.06275524094745444,0.009142900901601747,-0.07189814184905619,1,-0.030864249504266583,-0.08181510328479535,0.024245286571730626,Vulnerable
QMCO,2025-01-27,29.79,2025-02-10,19.0,-0.36220208123531383,0.009142900901601747,-0.3713449821369156,1,-0.5058614632161824,-0.3655589123867069,0.0530228891879596,Vulnerable
QRVO,2025-01-27,87.63,2025-02-10,77.26,-0.11833846856099495,0.009142900901601747,-0.1274813694625967,1,-0.1337056959516335,-0.1209631404770054,0.016220343408650157,Vulnerable
QTWO,2025-01-27,93.47,2025-02-10,94.25,0.008344923504867818,0.009142900901601747,-0.0007979773967339288,1,0.008113356373361746,-0.04431934493346967,0.020591077119179173,Vulnerable
QUBT,2025-01-27,9.94,2025-02-10,8.71,-0.12374245472837009,0.009142900901601747,-0.13288535562997184,1,-0.21283734756675743,-0.16088631984585755,0.036976188315645336,Vulnerable
QVCGA,2025-01-27,19.5,2025-02-10,18.0,-0.07692307692307687,0.009142900901601747,-0.08606597782467862,1,-0.07192046267510943,-0.10256410256410253,0.024319940505085933,Vulnerable
RAMP,2025-01-27,33.93,2025-02-10,35.61,0.04951370468611849,0.009142900901601747,0.04037080378451674,1,0.06517145482037956,-0.028835063437139596,0.013278158514091316,Vulnerable
RBBN,2025-01-27,3.82,2025-02-10,4.27,0.11780104712041872,0.009142900901601747,0.10865814621881698,1,0.049728017960623094,-0.04146341463414627,0.03610747235286153,Vulnerable
RBLX,2025-01-27,67.17,2025-02-10,65.05,-0.03156170909632283,0.009142900901601747,-0.04070460999792458,1,-0.017018550832863077,-0.1380681065323971,0.040597780499227167,Vulnerable
RBRK,2025-01-27,69.01,2025-02-10,76.96,0.11520069555136914,0.009142900901601747,0.10605779464976739,1,0.0902396504104731,-0.043718796383753644,0.02970872925168318,Vulnerable
RCAT,2025-01-27,8.05,2025-02-10,10.75,0.3354037267080745,0.009142900901601747,0.32626082580647275,1,0.25234551526299354,-0.06844919786096249,0.07328524779134708,Vulnerable
RDDT,2025-01-27,180.83,2025-02-10,224.93,0.24387546314217778,0.009142900901601747,0.23473256224057604,1,0.2215378754888545,-0.021025501899077592,0.032376078676520724,Vulnerable
RDNW,2025-01-27,4.64,2025-02-10,4.43,-0.04525862068965514,0.009142900901601747,-0.054401521591256885,1,-0.06791688635475723,-0.1163793103448274,0.031867902903852746,Vulnerable
REKR,2025-01-27,1.72,2025-02-10,2.1,0.2209302325581397,0.009142900901601747,0.21178733165653796,1,0.1634121307147236,-0.20152091254752846,0.09946939191318195,Vulnerable
RGTI,2025-01-27,12.45,2025-02-10,12.35,-0.008032128514056214,0.009142900901601747,-0.01717502941565796,1,-0.05289332172779282,-0.10701373825018079,0.0417022999587855,Vulnerable
RMBS,2025-01-27,57.96,2025-02-10,67.17,0.15890269151138714,0.009142900901601747,0.1497597906097854,1,0.07779893808128813,-0.020610191496267416,0.040329479668353596,Vulnerable
RNG,2025-01-27,34.7878,2025-02-10,34.7579,-0.0008594967201144277,0.009142900901601747,-0.010002397621716175,1,0.012245213652015474,-0.06833640670030805,0.02245358543766581,Vulnerable
RPD,2025-01-27,38.59,2025-02-10,38.3,-0.007514900233221211,0.009142900901601747,-0.016657801134822958,1,-0.010022510939678542,-0.029531568228105987,0.011510614799598503,Vulnerable
RUM,2025-01-27,12.35,2025-02-10,12.25,-0.0080971659919028,0.009142900901601747,-0.017240066893504546,1,-0.09220753012683525,-0.06702208682406707,0.03879638652156808,Vulnerable
RVLV,2025-01-27,30.84,2025-02-10,30.0,-0.027237354085603127,0.009142900901601747,-0.036380254987204874,1,-0.03925211974141174,-0.07772183763373197,0.03121471336612476,Vulnerable
RXT,2025-01-27,2.37,2025-02-10,2.95,0.2447257383966246,0.009142900901601747,0.23558283749502285,1,0.11945386738920771,-0.006329113924050667,0.0533789246939066,Vulnerable
RZLV,2025-01-27,2.64,2025-02-10,3.35,0.2689393939393938,0.009142900901601747,0.25979649303779206,1,0.18561902915020845,-0.13636363636363646,0.070989773382373,Vulnerable
S,2025-01-27,23.27,2025-02-10,24.61,0.05758487322733141,0.009142900901601747,0.048441972325729665,1,0.06812831137754638,-0.034426229508196404,0.021966688681717556,Vulnerable
SABR,2025-01-27,3.36,2025-02-10,3.46,0.029761904761904878,0.009142900901601747,0.02061900386030313,1,0.017769375835624657,-0.014880952380952217,0.016123633806012498,Vulnerable
SAIC,2025-01-27,108.5823,2025-02-10,103.816,-0.04389573622956966,0.009142900901601747,-0.05303863713117141,1,-0.024629321823051886,-0.04452843603423384,0.016800881526297818,Vulnerable
SANM,2025-01-27,78.51,2025-02-10,89.1,0.13488727550630486,0.009142900901601747,0.1257443746047031,1,0.06953537039025648,-0.023631397696235568,0.03370634646915286,Vulnerable
SAP,2025-01-27,273.1305,2025-02-10,278.2244,0.01865005922077545,0.009142900901601747,0.009507158319173703,1,0.02155903442220719,-0.024341464612752772,0.0120644444227832,Vulnerable
SBET,2025-01-27,4.44,2025-02-10,6.36,0.43243243243243246,0.009142900901601747,0.4232895315308307,1,0.25420001808931203,-0.10909090909090913,0.1342585932167055,Vulnerable
SCKT,2025-01-27,1.51,2025-02-10,1.41,-0.06622516556291391,0.009142900901601747,-0.07536806646451566,1,-0.13041555045249043,-0.06622516556291413,0.022880319007646352,Vulnerable
SEDG,2025-01-27,14.13,2025-02-10,14.22,0.006369426751592355,0.009142900901601747,-0.002773474150009392,1,-0.02141477448045448,-0.08280254777070062,0.03317577379434044,Vulnerable
SEGG,2025-01-27,3.5,2025-02-10,12.4,2.542857142857143,0.009142900901601747,2.5337142419555416,0,2.4604032239643776,-0.22499999999999998,0.6219929078732004,Resilient
SEMR,2025-01-27,16.37,2025-02-10,18.37,0.12217470983506407,0.009142900901601747,0.11303180893346232,1,0.1199934657304007,-0.007428571428571451,0.022089939739531262,Vulnerable
SFIX,2025-01-27,4.64,2025-02-10,5.24,0.1293103448275863,0.009142900901601747,0.12016744392598455,1,0.09793735216547639,-0.05544147843942526,0.031936050250895257,Vulnerable
SGN,2025-01-27,1.85,2025-02-10,2.87,0.5513513513513513,0.009142900901601747,0.5422084504497495,0,1.0851268596128656,-0.41013824884792627,0.43330126048100465,Resilient
SHLS,2025-01-27,4.56,2025-02-10,4.38,-0.039473684210526216,0.009142900901601747,-0.048616585112127964,1,-0.06678695007687052,-0.08368200836820083,0.03143364506111623,Vulnerable
SHOP,2025-01-27,107.38,2025-02-10,119.9,0.11659526913764218,0.009142900901601747,0.10745236823604043,1,0.11886426036750586,-0.04019130726631992,0.03525253484573621,Vulnerable
SIMO,2025-01-27,49.1098,2025-02-10,51.4566,0.04778679611808645,0.009142900901601747,0.0386438952164847,1,0.020280707120581276,-0.06746607220252243,0.03619878455155481,Vulnerable
SITM,2025-01-27,185.9,2025-02-10,171.84,-0.07563206024744484,0.009142900901601747,-0.08477496114904659,1,-0.2915218487823428,-0.22938248351944035,0.10493775790909123,Vulnerable
SKIL,2025-01-27,31.09,2025-02-10,31.13,0.001286587327114841,0.009142900901601747,-0.007856313574486906,1,0.03681209044707312,-0.07912512061756205,0.03147235019790554,Vulnerable
SKLZ,2025-01-27,6.36,2025-02-10,6.42,0.00943396226415083,0.009142900901601747,0.0002910613625490832,1,-0.02188871540609849,-0.0731343283582091,0.028033656536842005,Vulnerable
SKYT,2025-01-27,9.79,2025-02-10,9.71,-0.008171603677221473,0.009142900901601747,-0.01731450457882322,1,-0.10694255081948445,-0.0600193610842209,0.042802050167678886,Vulnerable
SLAB,2025-01-27,132.12,2025-02-10,146.39,0.10800787163184977,0.009142900901601747,0.09886497073024803,1,0.08740656142460013,-0.04293573057829059,0.0328627573203881,Vulnerable
SLE,2025-01-27,292.8,2025-02-10,262.08,-0.10491803278688538,0.009142900901601747,-0.11406093368848713,1,-0.08407571064892871,-0.13114754098360681,0.05091158785481304,Vulnerable
SLP,2025-01-27,34.01,2025-02-10,36.81,0.08232872684504566,0.009142900901601747,0.07318582594344392,1,0.0922811699632119,-0.016855484940591303,0.015582227879544004,Vulnerable
SMCI,2025-01-27,29.07,2025-02-10,42.65,0.46714826281389743,0.009142900901601747,0.4580053619122957,1,0.29022155932464366,-0.07636738906088769,0.08330293523442353,Vulnerable
SMRT,2025-01-27,1.52,2025-02-10,1.34,-0.11842105263157887,0.009142900901601747,-0.12756395353318062,1,-0.15478795185635852,-0.1241830065359476,0.027924903854233116,Vulnerable
SMTC,2025-01-27,57.33,2025-02-10,37.6,-0.34414791557648694,0.009142900901601747,-0.3532908164780887,1,-0.5496380460883645,-0.4445265179494755,0.12513831168180425,Vulnerable
SMWB,2025-01-27,15.77,2025-02-10,17.07,0.08243500317057717,0.009142900901601747,0.07329210226897542,1,0.03451885976143443,-0.047031158142269325,0.03442093518877793,Vulnerable
SNAP,2025-01-27,10.85,2025-02-10,10.71,-0.012903225806451535,0.009142900901601747,-0.022046126708053282,1,-0.005358187817206095,-0.08598452278589841,0.03548469774187476,Vulnerable
SNCR,2025-01-27,9.69,2025-02-10,10.81,0.11558307533539747,0.009142900901601747,0.10644017443379572,1,0.07720734765948956,-0.04408817635270568,0.040760822499430756,Vulnerable
SNOW,2025-01-27,175.52,2025-02-10,186.12,0.06039197812215136,0.009142900901601747,0.05124907722054961,1,0.07548198536792394,-0.04643123072013622,0.027870536570015102,Vulnerable
SNPS,2025-01-27,510.73,2025-02-10,531.33,0.04033442327648662,0.009142900901601747,0.031191522374884872,1,-0.019108409287068695,-0.02548848171519802,0.026526186882439066,Vulnerable
SOGP,2025-01-27,1.9886,2025-02-10,1.875,-0.0571256160112642,0.009142900901601747,-0.06626851691286595,1,-0.07805299184782899,-0.1080772524022453,0.040529952499379046,Vulnerable
SOHU,2025-01-27,12.75,2025-02-10,14.19,0.1129411764705881,0.009142900901601747,0.10379827556898635,1,0.10836848468545701,-0.0357976653696499,0.02524273460518675,Vulnerable
SOUN,2025-01-27,14.07,2025-02-10,15.33,0.08955223880597019,0.009142900901601747,0.08040933790436844,1,-0.015619127959505597,-0.030360531309297834,0.04914074364111437,Vulnerable
SPSC,2025-01-27,193.89,2025-02-10,177.17,-0.08623446283975456,0.009142900901601747,-0.0953773637413563,1,-0.07142880924107531,-0.09607142857142847,0.017432044173673528,Vulnerable
SPT,2025-01-27,33.44,2025-02-10,32.95,-0.014653110047846751,0.009142900901601747,-0.0237960109494485,1,-0.002803524882245223,-0.07199529826623563,0.02157515057266406,Vulnerable
SRAD,2025-01-27,20.14,2025-02-10,21.39,0.062065541211519415,0.009142900901601747,0.05292264030991767,1,0.038127489367899225,-0.025785278949835844,0.024081840521373164,Vulnerable
SSM,2025-01-27,11.9,2025-02-10,12.0,0.008403361344537785,0.009142900901601747,-0.0007395395570639618,1,-0.03244420229921985,-0.2786885245901639,0.09063370197902706,Vulnerable
SSNC,2025-01-27,78.9311,2025-02-10,85.9303,0.08867480625507573,0.009142900901601747,0.07953190535347399,1,0.09428004138168855,-0.008894566509095925,0.01834851029199041,Vulnerable
SST,2025-01-27,7.67,2025-02-10,6.03,-0.2138200782268579,0.009142900901601747,-0.22296297912845964,1,-0.22808942884614547,-0.213820078226858,0.04381466746146285,Vulnerable
SSTI,2025-01-27,14.04,2025-02-10,13.65,-0.02777777777777768,0.009142900901601747,-0.036920678679379426,1,-0.007845662290180133,-0.04914529914529897,0.01912004951479064,Vulnerable
SSTK,2025-01-27,26.4061,2025-02-10,28.4669,0.07804257349627552,0.009142900901601747,0.06889967259467378,1,0.06701539944615365,-0.02243705119403272,0.018269552733413432,Vulnerable
SSYS,2025-01-27,9.78,2025-02-10,12.06,0.23312883435582843,0.009142900901601747,0.22398593345422668,1,0.23442599944148823,-0.06147859922178989,0.07467902333908191,Vulnerable
STM,2025-01-27,24.7749,2025-02-10,22.1675,-0.10524361349591715,0.009142900901601747,-0.1143865143975189,1,-0.10733450970563518,-0.14058987120028743,0.03259331708082228,Vulnerable
STNE,2025-01-27,8.91,2025-02-10,9.45,0.06060606060606055,0.009142900901601747,0.051463159704458805,1,0.09487537794452683,-0.06519453207150361,0.03460674245493312,Vulnerable
STX,2025-01-27,101.3334,2025-02-10,95.7712,-0.05489009546704249,0.009142900901601747,-0.06403299636864423,1,-0.09357445717969148,-0.09663644958128315,0.0202864578045987,Vulnerable
SVCO,2025-01-27,8.48,2025-02-10,7.62,-0.1014150943396227,0.009142900901601747,-0.11055799524122445,1,-0.23298090199355126,-0.11907514450867074,0.04513667336633067,Vulnerable
SWKS,2025-01-27,84.9522,2025-02-10,61.2938,-0.27849072772688643,0.009142900901601747,-0.2876336286284882,1,-0.30149482034718533,-0.283052237208557,0.07407279507793622,Vulnerable
SY,2025-01-27,0.8315,2025-02-10,0.8973,0.0791340950090198,0.009142900901601747,0.06999119410741805,1,0.010580958498915494,-0.061194535395732164,0.04685908360279123,Vulnerable
SYNA,2025-01-27,81.55,2025-02-10,69.45,-0.14837522992029428,0.009142900901601747,-0.15751813082189603,1,-0.16271272631088984,-0.20962785933765793,0.05134608569826017,Vulnerable
TASK,2025-01-27,10.7338,2025-02-10,10.5839,-0.013965231325346106,0.009142900901601747,-0.023108132226947853,1,-0.01694351852780973,-0.07564998957114755,0.022587338067774517,Vulnerable
TBCH,2025-01-27,18.16,2025-02-10,17.77,-0.021475770925110216,0.009142900901601747,-0.030618671826711963,1,-0.024067246525136587,-0.07378854625550679,0.022728556895820536,Vulnerable
TBLA,2025-01-27,3.57,2025-02-10,3.95,0.10644257703081239,0.009142900901601747,0.09729967612921064,1,0.08867168996729158,-0.01822916666666663,0.01903802564917093,Vulnerable
TBRG,2025-01-27,22.98,2025-02-10,25.52,0.11053089643167979,0.009142900901601747,0.10138799553007805,1,0.09770653776432348,-0.03809523809523818,0.019539822373596517,Vulnerable
TCX,2025-01-27,16.28,2025-02-10,14.92,-0.08353808353808356,0.009142900901601747,-0.09268098443968531,1,-0.12059289712226218,-0.10820668693009128,0.028931247488802856,Vulnerable
TDC,2025-01-27,32.25,2025-02-10,30.93,-0.040930232558139545,0.009142900901601747,-0.05007313345974129,1,-0.026664554168934318,-0.06040268456375841,0.013302335134960003,Vulnerable
TDUP,2025-01-27,2.1,2025-02-10,2.49,0.18571428571428572,0.009142900901601747,0.17657138481268397,1,0.15223059967452124,-0.06844106463878319,0.042492120137347406,Vulnerable
TE,2025-01-27,1.95,2025-02-10,1.77,-0.09230769230769231,0.009142900901601747,-0.10145059320929406,1,-0.10746239013204728,-0.09693877551020391,0.028966088036948796,Vulnerable
TEAM,2025-01-27,268.0,2025-02-10,322.94,0.20500000000000007,0.009142900901601747,0.19585709909839832,1,0.2148590808966725,-0.02824797058716455,0.045968137234325405,Vulnerable
TEM,2025-01-27,51.86,2025-02-10,68.36,0.31816428846895484,0.009142900901601747,0.3090213875673531,1,0.31032702199375684,-0.06056663775657711,0.058873218675129416,Vulnerable
TENB,2025-01-27,44.19,2025-02-10,40.85,-0.07558271102059277,0.009142900901601747,-0.08472561192219452,1,-0.05160627372501725,-0.10449438202247185,0.026682784575326763,Vulnerable
THR,2025-01-27,28.98,2025-02-10,28.54,-0.015182884748102143,0.009142900901601747,-0.02432578564970389,1,-0.025930216421948815,-0.08488612836438925,0.022899601170756883,Vulnerable
TLS,2025-01-27,3.09,2025-02-10,3.39,0.09708737864077688,0.009142900901601747,0.08794447773917513,1,0.06639341838013157,-0.09846153846153838,0.0448185662847403,Vulnerable
TOST,2025-01-27,38.5,2025-02-10,41.4,0.07532467532467524,0.009142900901601747,0.06618177442307349,1,0.05936956057697873,-0.04105571847507339,0.025112410902141277,Vulnerable
TRIP,2025-01-27,17.67,2025-02-10,18.41,0.04187889077532536,0.009142900901601747,0.032735989873723614,1,0.04788149653889506,-0.03303471444568873,0.016682133531504422,Vulnerable
TRVG,2025-01-27,2.79,2025-02-10,4.85,0.7383512544802866,0.009142900901601747,0.7292083535786849,1,0.5591567994141164,-0.03942652329749097,0.09202808977274694,Vulnerable
TSEM,2025-01-27,45.5,2025-02-10,46.96,0.03208791208791206,0.009142900901601747,0.022945011186310316,1,-0.13038570967322072,-0.06491437674233369,0.05550394057564042,Vulnerable
TSM,2025-01-27,189.22,2025-02-10,204.6087,0.08132702674135928,0.009142900901601747,0.07218412583975753,1,-0.04665244162395654,-0.04548043350859676,0.0497402515672712,Vulnerable
TTD,2025-01-27,119.1,2025-02-10,122.54,0.02888329135180534,0.009142900901601747,0.019740390450203593,1,0.02881411245541521,-0.07382331348397086,0.02312073273032763,Vulnerable
TTMI,2025-01-27,23.84,2025-02-10,25.5,0.06963087248322153,0.009142900901601747,0.06048797158161978,1,-0.0022430730068766502,-0.045658682634730496,0.03816592175205177,Vulnerable
TTWO,2025-01-27,187.87,2025-02-10,212.51,0.13115452174375886,0.009142900901601747,0.12201162084215711,1,0.150864405215818,-0.04261883595670113,0.044475867885061554,Vulnerable
TUYA,2025-01-27,2.2364,2025-02-10,3.0618,0.3690752995886244,0.009142900901601747,0.35993239868702265,1,0.39892952384106906,-0.09397615634723633,0.10760189669089727,Vulnerable
TWLO,2025-01-27,138.99,2025-02-10,144.46,0.0393553493057055,0.009142900901601747,0.030212448404103753,1,0.06565149847751739,-0.026221772834513324,0.02022057221239597,Vulnerable
TXN,2025-01-27,179.9739,2025-02-10,174.7905,-0.02880084278887096,0.009142900901601747,-0.03794374369047271,1,-0.014818232960145172,-0.03614412978770809,0.016889882364741274,Vulnerable
TYL,2025-01-27,607.38,2025-02-10,611.83,0.007326550100431373,0.009142900901601747,-0.0018163508011703744,1,0.03905411202027664,-0.033814632572396586,0.014802362166463679,Vulnerable
U,2025-01-27,21.75,2025-02-10,20.4,-0.06206896551724139,0.009142900901601747,-0.07121186641884314,1,-0.0804332762037332,-0.12258064516129064,0.02964746258630053,Vulnerable
UBXG,2025-01-27,3.49,2025-02-10,2.85,-0.18338108882521498,0.009142900901601747,-0.19252398972681672,1,-0.18178230720053412,-0.18338108882521476,0.04034549924614056,Vulnerable
UCTT,2025-01-27,33.58,2025-02-10,38.76,0.15425848719475876,0.009142900901601747,0.14511558629315702,1,0.061353323968523,-0.03835263835263869,0.04146146555536465,Vulnerable
UI,2025-01-27,389.278,2025-02-10,364.4176,-0.06386284352056892,0.009142900901601747,-0.07300574442217067,1,-0.1425555304314764,-0.13999534147309045,0.04642449278881673,Vulnerable
UIS,2025-01-27,6.44,2025-02-10,7.13,0.10714285714285698,0.009142900901601747,0.09799995624125524,1,0.0721010301578433,-0.05441176470588238,0.03971626374180553,Vulnerable
UMAC,2025-01-27,12.07,2025-02-10,12.17,0.008285004142501995,0.009142900901601747,-0.0008578967590997522,1,-0.09887052712776712,-0.06462303231151623,0.04937071806860252,Vulnerable
UMC,2025-01-27,5.3609,2025-02-10,5.7372,0.07019343766904806,0.009142900901601747,0.06105053676744632,1,0.07560378940174817,-0.010268361067618192,0.013877233027699158,Vulnerable
UPLD,2025-01-27,4.39,2025-02-10,4.28,-0.02505694760820032,0.009142900901601747,-0.03419984850980207,1,0.009328091363240976,-0.143171806167401,0.04313737844254012,Vulnerable
UPWK,2025-01-27,16.82,2025-02-10,15.75,-0.06361474435196202,0.009142900901601747,-0.07275764525356376,1,-0.02418519935322161,-0.11401977894124504,0.025937308623256692,Vulnerable
VEEV,2025-01-27,225.77,2025-02-10,237.81,0.05332860876112844,0.009142900901601747,0.04418570785952669,1,0.06851226543134181,-0.01607120259838868,0.014072743706809679,Vulnerable
VERI,2025-01-27,2.83,2025-02-10,3.49,0.23321554770318031,0.009142900901601747,0.22407264680157857,1,0.17441429368500194,-0.06376811594202902,0.046054378336324385,Vulnerable
VERX,2025-01-27,57.79,2025-02-10,56.02,-0.030628136355770774,0.009142900901601747,-0.03977103725737252,1,-0.01925337274823602,-0.049703138252756185,0.01346888508913676,Vulnerable
VIAV,2025-01-27,9.71,2025-02-10,12.58,0.29557157569515957,0.009142900901601747,0.2864286747935578,1,0.2091359742790032,-0.026562499999999933,0.06792033729378767,Vulnerable
VICR,2025-01-27,46.98,2025-02-10,52.16,0.11025968497232874,0.009142900901601747,0.101116784070727,1,-0.06376349742483067,-0.07723895189675412,0.06758374951200213,Vulnerable
VIPS,2025-01-27,13.8666,2025-02-10,14.1533,0.020675580171058527,0.009142900901601747,0.01153267926945678,1,0.05171830205487338,-0.07338496819696261,0.03896935071555005,Vulnerable
VISL,2025-01-27,3.81,2025-02-10,2.5,-0.3438320209973753,0.009142900901601747,-0.35297492189897706,1,-0.35192800933596735,-0.4671916010498688,0.13099469914068945,Vulnerable
VNET,2025-01-27,6.77,2025-02-10,10.37,0.5317577548005907,0.009142900901601747,0.522614853898989,1,0.4255615708641668,-0.06818181818181823,0.06322130027443319,Vulnerable
VREX,2025-01-27,13.64,2025-02-10,12.96,-0.04985337243401755,0.009142900901601747,-0.0589962733356193,1,-0.061466389109038566,-0.19276315789473686,0.06972622888057471,Vulnerable
VRNS,2025-01-27,44.63,2025-02-10,43.02,-0.036074389424154196,0.009142900901601747,-0.04521729032575594,1,-0.01575789657795512,-0.1458155422715628,0.04168347538739978,Vulnerable
VRSK,2025-01-27,282.8146,2025-02-10,291.2755,0.02991677233070722,0.009142900901601747,0.020773871429105473,1,0.058205832915506406,-0.012646447531350913,0.01113731126907873,Vulnerable
VRSN,2025-01-27,210.069,2025-02-10,219.5013,0.044900961112777305,0.009142900901601747,0.03575806021117556,1,0.05825032747663017,-0.0033044942496759377,0.00441460085989858,Vulnerable
VRT,2025-01-27,102.4296,2025-02-10,125.5512,0.22573162445230688,0.009142900901601747,0.21658872355070513,1,-0.08422283995987456,-0.04930849975647478,0.10063036449601108,Vulnerable
VSH,2025-01-27,15.7768,2025-02-10,16.3966,0.03928553318797223,0.009142900901601747,0.030142632286370485,1,0.016626781695794568,-0.07385294931682507,0.03969366999032574,Vulnerable
VTEX,2025-01-27,6.22,2025-02-10,6.41,0.030546623794212246,0.009142900901601747,0.0214037228926105,1,0.031311801010313944,-0.05317577548005914,0.030059721973904514,Vulnerable
VUZI,2025-01-27,3.3,2025-02-10,4.16,0.26060606060606073,0.009142900901601747,0.251463159704459,1,0.1421557411715918,-0.07798165137614688,0.06243812431911621,Vulnerable
VYX,2025-01-27,12.65,2025-02-10,12.75,0.007905138339920903,0.009142900901601747,-0.001237762561680844,1,0.017810816185670264,-0.04426877470355728,0.02361330295531493,Vulnerable
W,2025-01-27,48.94,2025-02-10,44.51,-0.09051900286064574,0.009142900901601747,-0.09966190376224748,1,-0.07535176298208401,-0.12654690618762454,0.03521361513178724,Vulnerable
WATT,2025-01-27,13.8,2025-02-10,12.3,-0.10869565217391308,0.009142900901601747,-0.11783855307551483,1,-0.102659986240627,-0.14893617021276595,0.03718539838104015,Vulnerable
WAY,2025-01-27,38.56,2025-02-10,41.45,0.07494813278008294,0.009142900901601747,0.0658052318784812,1,0.06762748425090959,-0.03249879634087627,0.024522661118775685,Vulnerable
WB,2025-01-27,8.8032,2025-02-10,9.7704,0.10986913849509272,0.009142900901601747,0.10072623759349097,1,0.11713508800856076,-0.04936816958349999,0.02618941571392674,Vulnerable
WCT,2025-01-27,95.5,2025-02-10,110.0,0.1518324607329844,0.009142900901601747,0.14268955983138265,1,0.2037204773701733,-0.08333333333333348,0.03850059394679561,Vulnerable
WDAY,2025-01-27,264.2,2025-02-10,269.88,0.02149886449659344,0.009142900901601747,0.012355963594991692,1,0.05195577153143638,-0.03956661612986723,0.02513214890295423,Vulnerable
WDC,2025-01-27,48.468,2025-02-10,51.9601,0.07204959973590808,0.009142900901601747,0.06290669883430633,1,0.03381466078302753,-0.02994752214856189,0.03210361006940686,Vulnerable
WEAV,2025-01-27,15.81,2025-02-10,17.44,0.10309930423782432,0.009142900901601747,0.09395640333622257,1,0.08017755507454594,-0.007299270072992803,0.016366057615556297,Vulnerable
WIMI,2025-01-27,9.89,2025-02-10,9.0,-0.08998988877654202,0.009142900901601747,-0.09913278967814376,1,-0.12279606189058367,-0.12324649298597201,0.035820148150777734,Vulnerable
WIT,2025-01-27,3.5199,2025-02-10,3.617,0.02758601096622071,0.009142900901601747,0.01844311006461896,1,0.0031642922589005806,-0.01343791136463346,0.01196521676407887,Vulnerable
WIX,2025-01-27,234.42,2025-02-10,224.17,-0.0437249381452095,0.009142900901601747,-0.05286783904681125,1,-0.03971077882001195,-0.10718917166477548,0.022832314941054175,Vulnerable
WK,2025-01-27,97.69,2025-02-10,96.85,-0.008598628314054668,0.009142900901601747,-0.017741529215656415,1,0.008221521459919057,-0.07329442158645127,0.03167566523120076,Vulnerable
WKEY,2025-01-27,7.89,2025-02-10,6.88,-0.12801013941698347,0.009142900901601747,-0.13715304031858522,1,-0.1795375209296758,-0.12801013941698347,0.04467005501200907,Vulnerable
WLDS,2025-01-27,13.8,2025-02-10,9.528,-0.3095652173913044,0.009142900901601747,-0.31870811829290613,1,-0.3780987607572076,-0.3095652173913044,0.1203581868532102,Vulnerable
WORX,2025-01-27,25.95,2025-02-10,18.75,-0.2774566473988439,0.009142900901601747,-0.28659954830044565,1,-0.32171762708285856,-0.277456647398844,0.019870580125612283,Vulnerable
WRD,2025-01-27,14.35,2025-02-10,15.99,0.11428571428571432,0.009142900901601747,0.10514281338411258,1,0.06386541208582852,-0.09150757077024363,0.05837607672113791,Vulnerable
WWD,2025-01-27,183.0173,2025-02-10,191.9648,0.04888882089288815,0.009142900901601747,0.039745919991286405,1,0.03319147298690406,-0.01809479505645184,0.016364875993054664,Vulnerable
XNET,2025-01-27,2.52,2025-02-10,3.23,0.28174603174603163,0.009142900901601747,0.2726031308444299,1,0.3383708008090479,-0.07116104868913853,0.04707204999346129,Vulnerable
XPER,2025-01-27,8.86,2025-02-10,9.45,0.06659142212189617,0.009142900901601747,0.057448521220294424,1,0.06031363639658838,-0.01642935377875132,0.014003285225696866,Vulnerable
XRX,2025-01-27,9.0904,2025-02-10,7.4614,-0.17920003520197136,0.009142900901601747,-0.1883429361035731,1,-0.18311793969261192,-0.19155372700871243,0.030247723018981505,Vulnerable
XTIA,2025-01-27,5.01,2025-02-10,4.39,-0.12375249500998009,0.009142900901601747,-0.13289539591158184,1,-0.09486464844835951,-0.13609467455621305,0.039076257842958234,Vulnerable
XTKG,2025-01-27,174.6,2025-02-10,116.1,-0.3350515463917526,0.009142900901601747,-0.34419444729335436,1,-0.3981502372662452,-0.39603960396039595,0.08121267213059645,Vulnerable
XYZ,2025-01-27,85.01,2025-02-10,84.85,-0.0018821315139396777,0.009142900901601747,-0.011025032415541425,1,-0.035417539467786585,-0.08714362560516398,0.027126656735044344,Vulnerable
YALA,2025-01-27,4.07,2025-02-10,4.19,0.029484029484029506,0.009142900901601747,0.02034112858242776,1,0.04226629236755741,-0.02933985330073341,0.01350637174118101,Vulnerable
YEXT,2025-01-27,6.57,2025-02-10,6.55,-0.003044140030441511,0.009142900901601747,-0.012187040932043258,1,0.041780203741457966,-0.05539358600583033,0.023464029168559858,Vulnerable
YMM,2025-01-27,11.1367,2025-02-10,12.5594,0.12774879452620613,0.009142900901601747,0.11860589362460439,1,0.11498258706777298,-0.04631628630614726,0.02618504033090802,Vulnerable
YOU,2025-01-27,23.2259,2025-02-10,22.2118,-0.04366246302619059,0.009142900901601747,-0.05280536392779234,1,-0.04484947156691055,-0.044456489942009236,0.011240725873361225,Vulnerable
YYAI,2025-01-27,30.0,2025-02-10,20.05,-0.33166666666666667,0.009142900901601747,-0.3408095675682684,1,-0.003713762819074873,-0.3350000000000001,0.14409331182897336,Vulnerable
ZENA,2025-01-27,5.13,2025-02-10,4.8,-0.06432748538011701,0.009142900901601747,-0.07347038628171876,1,-0.1884432739009212,-0.15399610136452235,0.08109727140431816,Vulnerable
ZEPP,2025-01-27,2.83,2025-02-10,2.85,0.007067137809187329,0.009142900901601747,-0.0020757630924144177,1,-0.03370307825801355,-0.04593639575971731,0.02918192033739377,Vulnerable
ZETA,2025-01-27,18.48,2025-02-10,21.66,0.17207792207792205,0.009142900901601747,0.1629350211763203,1,0.16603474469029367,-0.025432900432900363,0.036258419166882994,Vulnerable
ZIP,2025-01-27,7.12,2025-02-10,8.09,0.1362359550561798,0.009142900901601747,0.12709305415457806,1,0.1575885065679835,-0.03370786516853941,0.0343159566028611,Vulnerable
ZM,2025-01-27,82.0,2025-02-10,87.1,0.062195121951219345,0.009142900901601747,0.0530522210496176,1,0.09142833866517353,-0.02989620938628157,0.026478151947067326,Vulnerable
ZS,2025-01-27,191.24,2025-02-10,212.53,0.11132608240953767,0.009142900901601747,0.10218318150793593,1,0.10222937023017875,-0.02286495993746307,0.02496462311461317,Vulnerable
