companyid,companyname,n_sentences,mean_p_positive,mean_p_negative,mean_p_neutral,mean_sentiment,std_sentiment,pct_negative,pct_neutral,pct_positive,ratio_strong_negative,ratio_strong_positive,topic_00_energy_utilities,topic_01_advertising_marketing,topic_02_ai_semiconductor_design,topic_03_ai_enterprise_healthcare_services,topic_04_financial_reporting_geographic,topic_05_financial_reporting_accounting,topic_06_government_defense,topic_07_project_execution_capital,topic_08_china_ai_semiconductor_supply_chain,topic_09_ai_cloud_infrastructure,topic_10_chinese_gaming_streaming,topic_11_ai_saas_cybersecurity,ai_topic_loading_sum,ai_keyword_count,ai_keyword_ratio,companyid_bridge,ticker,company_name,label,label_binary
21835,Microsoft Corporation,415,0.4085283566030662,0.0804746069631213,0.5109970382672836,0.3280537496399449,0.472686563656131,0.0602409638554216,0.5518072289156627,0.3879518072289156,0.0506024096385542,0.3831325301204819,3.338822133321456e-05,0.0601501596962517,0.0657842989854059,0.0259144958998829,0.0125908569881511,0.0673293902446619,0.0487102326138826,3.3388392650362995e-05,3.338847274292374e-05,0.5528931792360684,0.0671442296733512,0.0993829915756175,0.7440083541697178,160,0.0194647201946472,21835,MSFT,MICROSOFT CORP,Vulnerable,1
25238,AudioCodes Ltd.,262,0.3573512463183462,0.1199216699469408,0.5227270846020515,0.2374295763714054,0.5275278836365545,0.1106870229007633,0.5572519083969466,0.3320610687022901,0.1106870229007633,0.3320610687022901,5.819567715218482e-05,5.819591594638741e-05,5.819652497342214e-05,5.819620353426258e-05,0.171840738018552,5.81961115133684e-05,0.2767073399819619,0.0003174370270008,5.819609443765273e-05,5.819646937685384e-05,0.0757123379222664,0.4750147740532844,0.4752475593456066,33,0.0063351890957957,25238,AUDC,AUDIOCODES LTD,Resilient,0
26238,Celestica Inc.,590,0.4958455645163559,0.0615510707563262,0.4426033622948295,0.4342944937600296,0.454554005391353,0.0423728813559322,0.4457627118644068,0.511864406779661,0.0423728813559322,0.511864406779661,2.2223220710717664e-05,2.222314304261709e-05,0.3965221511691737,2.2223211780327464e-05,2.2223166355513712e-05,0.0259484645920076,2.222315275111642e-05,0.4198133481681669,2.2223224556900497e-05,0.1196155599540265,2.2223121329641657e-05,0.0379449138760985,0.554127071435636,84,0.0064739884393063,26238,CLS,CELESTICA INC,Resilient,0
26399,Check Point Software Technologies Ltd.,447,0.3280218754086635,0.0624411741815407,0.6095369497034907,0.2655807012271228,0.3998012910668742,0.0246085011185682,0.6621923937360179,0.3131991051454139,0.0223713646532438,0.2997762863534675,5.6232686719017005e-05,5.623271667540623e-05,5.623293911976728e-05,5.623268793957953e-05,0.2957074332343297,5.623271647443618e-05,0.2318263541817422,5.623231716324601e-05,5.6235170331432626e-05,0.0435458183927327,5.623179741825269e-05,0.4284705311593542,0.4721850503494777,5,0.0006366993505666,26399,CHKP,CHECK POINT SOFTWARE TECHNOLOGIES LTD,Resilient,0
26789,"Commvault Systems, Inc.",248,0.4161055405744381,0.0543803835452924,0.529514079530453,0.3617251570291456,0.4244687731480236,0.032258064516129,0.5725806451612904,0.3951612903225806,0.0282258064516129,0.3911290322580645,0.024785962839852,6.875947016649972e-05,6.875929123497308e-05,6.875972200455923e-05,6.875984056020165e-05,0.0758699965104429,6.876012308480239e-05,6.875996935230816e-05,6.875918376278977e-05,0.4522651923946638,6.875909008851133e-05,0.4465287715647865,0.8990002421564527,1,0.0002245172878311,26789,CVLT,COMMVAULT SYSTEMS INC,Resilient,0
27223,"CSG Systems International, Inc.",363,0.4668140789422081,0.0764343244826662,0.4567515939094393,0.3903797544595419,0.4571316943559297,0.0495867768595041,0.4765840220385675,0.4738292011019284,0.046831955922865,0.465564738292011,3.9571190714273886e-05,3.957127413618687e-05,0.0428351446845343,0.2127354562421854,0.0712963763468005,0.4155177152834585,0.0434451300303536,0.0191569971779313,3.9570908081794075e-05,0.0477428529949707,3.957161275329018e-05,0.1471120422540798,0.4504650670838522,6,0.0007513148009015,27223,CSGS,CSG SYSTEMS INTERNATIONAL INC,Resilient,0
28374,"Extreme Networks, Inc.",296,0.3796776116454369,0.0719287503790739,0.5483936401795143,0.307748861266363,0.4373590672995066,0.054054054054054,0.5777027027027027,0.3682432432432432,0.054054054054054,0.3513513513513513,6.096374838800474e-05,6.096352851419527e-05,0.2995181410414469,6.0965413014953926e-05,0.0914648955311153,6.096348578484809e-05,0.0570313093383136,6.096357272891414e-05,6.096296810099348e-05,6.0963628391056135e-05,6.096339867875225e-05,0.5514979443455225,0.8511989773964763,21,0.0041420118343195,28374,EXTR,EXTREME NETWORKS INC,Vulnerable,1
28648,"FormFactor, Inc.",265,0.3257715812005665,0.1827003682576963,0.4915280472135769,0.1430712129428701,0.556482483223902,0.1660377358490566,0.5320754716981132,0.3018867924528302,0.1622641509433962,0.2981132075471698,5.195523807258447e-05,5.195551402094749e-05,0.5069943708359357,0.020948558552416,5.195577937788473e-05,5.19557782846952e-05,0.0450880234270083,5.195590102227568e-05,0.4265534030361326,5.195560083688426e-05,5.195484541273803e-05,5.195549147951797e-05,0.9546002435168008,59,0.0097974094985054,28648,FORM,FORMFACTOR INC,Vulnerable,1
30594,Kopin Corporation,178,0.4952682581929009,0.1077502297572373,0.396981511495254,0.3875180284356636,0.5228635594994749,0.1067415730337078,0.398876404494382,0.4943820224719101,0.1011235955056179,0.4887640449438202,7.374966476593973e-05,7.374920098035503e-05,0.0726848485441206,7.375180724279704e-05,7.374955812354693e-05,7.374970353067312e-05,0.370038903994523,0.298417655343612,0.2582685931543966,7.374922549843475e-05,7.37501445307148e-05,7.374965867528943e-05,0.3311746923899337,4,0.0010804970286331,30594,KOPN,KOPIN CORP,Vulnerable,1
31500,Microchip Technology Incorporated,408,0.2168007906373389,0.1933323102695045,0.5898668990931565,0.0234684803678343,0.4705992807403131,0.1691176470588235,0.6642156862745098,0.1666666666666666,0.1617647058823529,0.1519607843137254,0.0063539485380662,3.892419626218496e-05,0.3849237833396084,3.892420163696953e-05,0.4103866834721477,0.02756054495745,0.1149977915540933,0.0192122594880685,0.0363703674716603,3.8924167168056736e-05,3.892406008919549e-05,3.89245537489735e-05,0.4214109237338228,11,0.0012608895002292,31500,MCHP,MICROCHIP TECHNOLOGY INC,Vulnerable,1
33821,"Qorvo, Inc.",319,0.3856993093312977,0.1404145813757279,0.473886106490248,0.2452847279555698,0.5488895819689724,0.1253918495297805,0.4921630094043887,0.3824451410658307,0.1253918495297805,0.3730407523510972,4.5047342767263734e-05,4.504701713077322e-05,0.9087385511423444,4.504811779207155e-05,4.504715186520272e-05,0.0908097351738309,4.5047105550405145e-05,4.628912393799109e-05,4.504688975047093e-05,4.504664209097916e-05,4.504734789156796e-05,4.504694504807463e-05,0.908918739737026,2,0.0003264240248082,33821,QRVO,"Qorvo, Inc.",Vulnerable,1
34839,Stratasys Ltd.,305,0.4090132321887573,0.0913000170981175,0.4996867550201103,0.3177132150906397,0.4860315359355306,0.0786885245901639,0.5180327868852459,0.4032786885245901,0.0786885245901639,0.4,5.927229933592282e-05,5.927225191758437e-05,0.0409420461298307,5.927234234383097e-05,0.0582842123439649,0.2005395756153928,0.1434121297234275,0.3969217270233377,0.1002578026609045,5.92720279215429e-05,5.927264339816405e-05,0.0593461449382247,0.2006645380992253,0,0.0,34839,SSYS,STRATASYS LTD.,Resilient,0
34933,American Superconductor Corporation,256,0.413536248546734,0.069972889687051,0.5164908608348924,0.3435633588596829,0.4374240844557587,0.04296875,0.55078125,0.40625,0.04296875,0.3984375,0.2097468118660198,8.234843199238523e-05,0.1477402231405024,8.234915323852616e-05,0.0390413488430399,8.234904341675654e-05,0.1426806408503232,0.4602145330809571,8.234895096187148e-05,8.234933214666821e-05,8.234795745309591e-05,8.23493499478864e-05,0.1480696199267974,3,0.0006784260515603,34933,AMSC,AMERICAN SUPERCONDUCTOR CORP /DE/,Resilient,0
35013,Synaptics Incorporated,247,0.3881648742435462,0.0862505843218129,0.5255845439005719,0.3019142899217333,0.4667004377732379,0.0607287449392712,0.562753036437247,0.3765182186234818,0.0566801619433198,0.3684210526315789,7.35533181853923e-05,7.355455480533672e-05,0.9225033856474936,7.355454702570081e-05,0.0767610692536492,7.355449865827759e-05,7.35546412596826e-05,7.355430258078864e-05,7.355443176402206e-05,7.355497225685774e-05,7.355510905080419e-05,7.355472327025684e-05,0.9227976043218103,12,0.0026803663167299,35013,SYNA,SYNAPTICS Inc,Vulnerable,1
35922,GrafTech International Ltd.,395,0.394367786152642,0.1245608790058501,0.4810713346670323,0.2698069071467918,0.524250717617502,0.1113924050632911,0.4936708860759494,0.3949367088607595,0.1113924050632911,0.3873417721518987,3.6014661248358665e-05,3.6015035690123816e-05,3.601414207802009e-05,3.6014072498649585e-05,0.439379460356208,0.0601163709952241,3.6014270883357674e-05,0.5001800398871691,3.601425352593273e-05,3.6013759402684286e-05,3.601439642821679e-05,3.601416964330762e-05,0.0001800703971485,0,0.0,35922,EAF,GRAFTECH INTERNATIONAL LTD,Vulnerable,1
90323,"F5, Inc.",442,0.3961556860513361,0.0872533311382593,0.5165909869929278,0.3089023549130768,0.4735084225937041,0.0656108597285067,0.5542986425339367,0.3800904977375565,0.0633484162895927,0.3733031674208145,3.398746399753356e-05,3.3987228812112e-05,0.0567204583728855,3.398737000505494e-05,3.398745357584888e-05,3.398751735433018e-05,3.3987392273502145e-05,0.0834637484999522,3.398724350617019e-05,0.4878815858453806,3.398709777016426e-05,0.3716623085144868,0.9163323273462642,82,0.0097980642848607,90323,FFIV,"F5, INC.",Resilient,0
96079,Viavi Solutions Inc.,219,0.2527828907964062,0.2101614130937311,0.5370556940898707,0.042621477702675,0.539999979764125,0.1963470319634703,0.6118721461187214,0.1917808219178082,0.1917808219178082,0.1917808219178082,8.600250644144895e-05,8.600281242418212e-05,0.6939600721023228,8.600281303088745e-05,0.2308843820972045,8.600319871287821e-05,0.074381519793589,8.600302898351762e-05,8.600370629761245e-05,8.600332682310379e-05,8.600143671963014e-05,8.600317745049075e-05,0.6943040851259248,3,0.0007075471698113,96079,VIAV,VIAVI SOLUTIONS INC.,Resilient,0
102348,Plexus Corp.,284,0.4885114549272235,0.1190812974646818,0.3924072467505564,0.3694301574625416,0.5458848227763927,0.0985915492957746,0.4049295774647887,0.4964788732394366,0.0950704225352112,0.4894366197183099,5.2777760157390775e-05,5.277836050797111e-05,0.2215910547286119,5.277846363484963e-05,5.277852818443554e-05,0.1107880087222572,5.277798890502737e-05,0.6671459333549223,5.277792662477415e-05,5.277764084191368e-05,5.2778404316045354e-05,5.277812103583511e-05,0.2218021668807493,3,0.0005187618882932,102348,PLXS,PLEXUS CORP,Vulnerable,1
103599,Xerox Holdings Corporation,265,0.3725135834184739,0.2072380246998707,0.4202483910961814,0.1652755587186031,0.632532588945102,0.1924528301886792,0.4490566037735849,0.3584905660377358,0.1886792452830188,0.3584905660377358,4.896357954425821e-05,4.896367137513168e-05,4.8963850206538166e-05,0.0889720859362513,0.3908362288813973,0.2873806165442585,4.896381112094069e-05,0.2104773512985286,4.896387271390395e-05,0.0219909704148643,4.896395163489584e-05,4.896418810407229e-05,0.1111099482621402,2,0.0003549875754348,103599,XRX,Xerox Holdings Corp,Vulnerable,1
111756,Sohu.com Limited,94,0.3170027895681956,0.1624073333483427,0.5205898696279272,0.1545954562198529,0.5332758284530192,0.1702127659574468,0.5319148936170213,0.2978723404255319,0.1595744680851064,0.2978723404255319,0.0001412478728535,0.0360559720890803,0.0001412489501205,0.0001412500902098,0.0001412499200708,0.000141249609012,0.0217895177292225,0.0001412491925518,0.1956896397909714,0.0001412479531995,0.7453348780178203,0.0001412487848872,0.1962546355693886,0,0.0,111756,SOHU,Sohu.com Ltd,Resilient,0
112350,International Business Machines Corporation,352,0.4428205888120415,0.104599860121115,0.4525795533025468,0.3382207286909265,0.5315839143775218,0.0909090909090909,0.4659090909090909,0.4431818181818182,0.0880681818181818,0.4403409090909091,4.148195604197202e-05,4.148155504407629e-05,4.148181306969368e-05,0.5127796236330953,0.0882124418277963,4.1481929522734185e-05,4.148183333755788e-05,4.148194449860549e-05,4.1481854193654176e-05,0.3986345981652098,4.14815250565107e-05,4.148196313361243e-05,0.911538667428702,71,0.0103574033552151,112350,IBM,INTERNATIONAL BUSINESS MACHINES CORP,Resilient,0
127282,"MicroVision, Inc.",447,0.1858575884784078,0.057204935105905,0.7569374732206465,0.1286526533725027,0.3096018042094823,0.029082774049217,0.8366890380313199,0.1342281879194631,0.029082774049217,0.1342281879194631,3.582829059141439e-05,3.582841431712891e-05,0.1668125831151857,3.5828220561537014e-05,3.582839209886608e-05,3.582846395309333e-05,0.4240887950070846,3.582856161931528e-05,0.3965379483737216,0.0122740459306902,3.582836829606571e-05,3.5828861880383065e-05,0.5756962345020395,1,0.0001097213078779,127282,MVIS,"MICROVISION, INC.",Vulnerable,1
247156,"Clearfield, Inc.",55,0.4126714031466029,0.1567454959689216,0.4305830983953042,0.2559259071776812,0.5733026583775243,0.1454545454545454,0.4363636363636363,0.4181818181818181,0.1454545454545454,0.4181818181818181,0.0002429674158237,0.0002429641770422,0.3192182523039479,0.0002429630030067,0.0002429656136449,0.4763218410890977,0.0002429661484844,0.0842926664682773,0.0356945853228175,0.0002429639084552,0.0827718994728318,0.00024296507657,0.3556417296147975,0,0.0,247156,CLFD,"Clearfield, Inc.",Vulnerable,1
255180,"Benchmark Electronics, Inc.",210,0.4526114841856594,0.1267570810259453,0.4206314309012322,0.3258544031597141,0.5684242089862889,0.1047619047619047,0.4380952380952381,0.4571428571428571,0.1047619047619047,0.4523809523809524,9.50243406220562e-05,9.50244870233344e-05,0.3399449754334829,9.502523907668296e-05,9.502540234949696e-05,0.1527172913481641,9.502519313651368e-05,0.5064825093617165,9.502542024772444e-05,9.502389788845456e-05,9.502520071947864e-05,9.502467557262164e-05,0.3403250746662684,0,0.0,255180,BHE,BENCHMARK ELECTRONICS INC,Vulnerable,1
258010,CTS Corporation,171,0.525692321422744,0.1368818221728137,0.337425853801096,0.3888104992499303,0.5757238894000001,0.1228070175438596,0.3157894736842105,0.5614035087719298,0.1228070175438596,0.5614035087719298,0.0001060266922738,0.0001060257796559,0.3565446426032734,0.0001060263418102,0.2363069785125175,0.064352666577105,0.0001060268234812,0.3419475013666281,0.0001060272777586,0.0001060257261227,0.0001060263137971,0.0001060259855758,0.356968747934541,4,0.0012492192379762,258010,CTS,CTS CORP,Vulnerable,1
266694,Digi International Inc.,112,0.4005470069823786,0.0859478725386517,0.5135051215267075,0.3145991344437269,0.4523558690348485,0.0535714285714285,0.5625,0.3839285714285714,0.0535714285714285,0.375,0.0001572419884148,0.0001572391295919,0.1254672080845396,0.0001572390554833,0.3187868239726874,0.1575500059295231,0.0442332829351234,0.1329838219493228,0.0001572390942381,0.0001572383529042,0.0001572392594832,0.2200354202486878,0.3459743448358531,1,0.0005211047420531,266694,DGII,DIGI INTERNATIONAL INC,Resilient,0
266907,Diodes Incorporated,238,0.3448094774679351,0.1522230788431435,0.5029674482790112,0.1925863986247915,0.546448082612609,0.134453781512605,0.5294117647058824,0.3361344537815126,0.1302521008403361,0.3277310924369748,6.505663757705656e-05,0.0046595618776726,0.7566805408431104,6.50558138969079e-05,0.1467070230265589,6.505619321607236e-05,6.505611871502956e-05,6.505646941365711e-05,0.0914324240522274,6.505624748625167e-05,6.505665402872864e-05,6.505606609690504e-05,0.8483081330228179,10,0.0021454623471358,266907,DIOD,DIODES INC /DEL/,Vulnerable,1
269960,ESCO Technologies Inc.,186,0.4403623545702587,0.1129694028822605,0.4466682410428441,0.3273929516879982,0.5305850666667341,0.086021505376344,0.4731182795698925,0.4408602150537634,0.086021505376344,0.4247311827956989,0.0708907584222845,0.0001053556018501,0.0001053562082844,0.000105356812949,0.5601226965070915,0.0001053561626314,0.0005875734880919,0.3675561245380613,0.0001053558051367,0.0001053550939522,0.0001053552661758,0.0001053560934907,0.0005267800138132,0,0.0,269960,ESE,ESCO TECHNOLOGIES INC,Resilient,0
279750,Hubbell Incorporated,280,0.454836907277682,0.089256186286054,0.4559069063980132,0.3655807209916279,0.491473571836419,0.0714285714285714,0.4642857142857143,0.4642857142857143,0.0678571428571428,0.4571428571428571,0.1607020812582985,5.927233219268901e-05,0.0736330306702597,0.0560074981002382,0.4344949922095069,5.927262874546598e-05,5.927239643322712e-05,0.2591081994168812,5.927202603418711e-05,5.927224048710785e-05,5.927208498296683e-05,0.0156985646359397,0.145457637672959,7,0.0012278547623223,279750,HUBB,HUBBELL INC,Vulnerable,1
283588,"Kulicke and Soffa Industries, Inc.",231,0.4439002004173862,0.0573386896635482,0.498761113668546,0.386561510753838,0.4405685381266364,0.0346320346320346,0.5324675324675324,0.4329004329004329,0.0346320346320346,0.4242424242424242,6.520933743938335e-05,6.520858522529504e-05,0.4351683720092619,6.520891616877563e-05,6.52092249690951e-05,6.520913973770888e-05,0.0932218473144013,0.1458959252832514,0.3251921835675901,6.520876085061492e-05,6.520840583500317e-05,6.520945526923727e-05,0.7605561827091406,5,0.0011717834544176,283588,KLIC,KULICKE & SOFFA INDUSTRIES INC,Vulnerable,1
287585,"Methode Electronics, Inc.",244,0.3773921407629415,0.1640969428947561,0.4585109149586776,0.2132951978681853,0.5757993939746865,0.1475409836065573,0.4795081967213114,0.3729508196721312,0.1475409836065573,0.3729508196721312,7.259331082782888e-05,7.259278081651954e-05,0.0819464990520981,7.259319075831678e-05,0.3895279875418847,0.1529989182698132,0.0221230512091843,0.3256902657334787,0.0272777202597456,7.259269490015059e-05,7.259285492702551e-05,7.259310156549279e-05,0.1094419982990677,1,0.0002265005662514,287585,MEI,METHODE ELECTRONICS INC,Vulnerable,1
289814,"Napco Security Technologies, Inc.",341,0.2881476568820124,0.1013695054668441,0.6104828385619824,0.1867781514151682,0.4367474349022689,0.0733137829912023,0.6803519061583577,0.2463343108504398,0.0703812316715542,0.2434017595307918,6.614023603695412e-05,6.614059406550848e-05,0.0404952951942709,6.614040775440682e-05,0.6243006386253271,0.0380603814567406,0.289214860706321,6.614018524788981e-05,6.614030136653568e-05,6.614027747015873e-05,0.0074658413241318,6.614069126685685e-05,0.0407598568721288,1,0.0001876524676299,289814,NSSC,"NAPCO SECURITY TECHNOLOGIES, INC",Vulnerable,1
297147,"Agilysys, Inc.",342,0.4324242105470611,0.1246826017754729,0.4428931866059003,0.3077416087715881,0.5179372609735166,0.1169590643274853,0.4590643274853801,0.4239766081871345,0.1081871345029239,0.4181286549707602,4.4613095955632953e-05,4.4612891976901634e-05,4.461273866851129e-05,4.461294039838035e-05,0.5428904819493395,0.1251785524981118,0.1023665236687455,4.461291901413264e-05,4.461269321329336e-05,0.0650110177338127,0.0180014333003911,0.1462843135703722,0.2114291696764652,0,0.0,297147,AGYS,AGILYSYS INC,Vulnerable,1
308402,3D Systems Corporation,395,0.3920522106269115,0.1276714459934,0.4802763418518478,0.2643807646335114,0.5207381954735821,0.1164556962025316,0.5037974683544304,0.379746835443038,0.1113924050632911,0.379746835443038,4.031803832609401e-05,4.031799260686475e-05,0.1370967562441921,4.031791189405223e-05,0.0511574417217917,4.031794365334289e-05,0.1201530203667491,0.6887278028979629,0.002582753317542,4.03180629112788e-05,4.031746702813917e-05,4.031803534189096e-05,0.1398004635718814,7,0.0009185146306259,308402,DDD,3D SYSTEMS CORP,Resilient,0
311959,Vicor Corporation,208,0.2446262497374286,0.1397658624762418,0.6156078852095211,0.1048603872611868,0.4602090749894715,0.1153846153846153,0.6682692307692307,0.2163461538461538,0.1153846153846153,0.2115384615384615,0.1313640668514872,7.596733171990911e-05,0.4224525101265593,7.596839625845608e-05,7.59683626034001e-05,7.596819115786975e-05,0.1434465037728556,0.1900012044034494,0.1122039368196649,7.59687410019075e-05,7.59688980017865e-05,7.596810524009248e-05,0.5348843521887248,9,0.0022393630256282,311959,VICR,VICOR CORP,Vulnerable,1
330019,Innodata Inc.,210,0.4247898639623253,0.0459948857425756,0.5292152588920934,0.3787949782197496,0.4065189168481952,0.0238095238095238,0.5714285714285714,0.4047619047619047,0.0238095238095238,0.3904761904761905,7.596804957228512e-05,0.0250141335764197,7.596781912302204e-05,0.3688694703601863,7.596771027960279e-05,7.596808348437243e-05,0.2511604870723825,0.0342482047226353,7.596826205975358e-05,0.1022445987420916,7.59683496711046e-05,0.2180072972520941,0.689273302435555,47,0.0116915422885572,330019,INOD,INNODATA INC,Resilient,0
331231,Tower Semiconductor Ltd.,248,0.3539830185623178,0.0728334113298314,0.5731835766064544,0.2811496072324864,0.4288227578054598,0.0483870967741935,0.6088709677419355,0.3427419354838709,0.0483870967741935,0.3427419354838709,5.927208220944821e-05,5.927214732378484e-05,0.617036810494316,5.927207474113047e-05,0.0160252674423859,5.9272642474509186e-05,0.1889852876493087,5.927260325069369e-05,0.1774784561759697,5.9272599468318394e-05,5.9271848773537784e-05,5.927223977820362e-05,0.7946930835842735,2,0.0003787161522438,331231,TSEM,TOWER SEMICONDUCTOR LTD,Vulnerable,1
332124,"FuelCell Energy, Inc.",223,0.4557934710442719,0.1065749048146799,0.4376316271939486,0.3492185662295919,0.5260831772220596,0.0941704035874439,0.4260089686098655,0.4798206278026906,0.0941704035874439,0.4753363228699551,0.2568130959492796,5.479079737435023e-05,5.479087218934597e-05,5.4790663294582713e-05,5.479085268013084e-05,5.47911237957855e-05,5.479086224411847e-05,0.7426389956916429,5.479083532943247e-05,5.479118515729654e-05,5.479022149918176e-05,5.479094551322604e-05,0.0002739545014838,1,0.0001822157434402,332124,FCEL,FUELCELL ENERGY INC,Vulnerable,1
332752,"ADTRAN Holdings, Inc.",250,0.3203274614885449,0.1059117423929274,0.5737608022615314,0.2144157190956175,0.4632336742308102,0.068,0.632,0.3,0.068,0.3,8.626949080266598e-05,8.627002853117892e-05,0.3636936732433504,8.626980608633056e-05,0.3214507533765683,0.1240319534108024,0.1901334611033945,8.626995381890058e-05,8.626921751902906e-05,8.62698287387928e-05,8.627013885561128e-05,8.627040153180806e-05,0.3640387524972264,1,0.0002331002331002,332752,ADTN,"ADTRAN Holdings, Inc.",Resilient,0
342660,"Socket Mobile, Inc.",64,0.4298204654187429,0.163004846763215,0.4071746915433323,0.2668156186555279,0.5921741754639991,0.15625,0.390625,0.453125,0.15625,0.453125,0.0002422575841949,0.0002422587955881,0.2212013680575434,0.0002422587435586,0.0142243697142451,0.1246722578008648,0.3567210518494441,0.1486763273503765,0.0002422589121991,0.0002422597602515,0.1330510717436501,0.0002422596880834,0.2221704051616362,0,0.0,342660,SCKT,"SOCKET MOBILE, INC.",Vulnerable,1
343596,"Advanced Energy Industries, Inc.",331,0.4407975277413257,0.1613506319189832,0.3978518435050623,0.2794468958223424,0.5789026658683617,0.1389728096676737,0.4138972809667673,0.4471299093655589,0.1359516616314199,0.4380664652567976,5.665351242074319e-05,5.665323865411821e-05,0.7014922056051843,5.665317957435321e-05,0.172320922190807,5.665332910085524e-05,5.665326963918634e-05,0.0524702610954225,0.0732633855083508,5.665294864480541e-05,5.665309512514007e-05,5.665302707609506e-05,0.7749255502688305,14,0.0024437074533077,343596,AEIS,ADVANCED ENERGY INDUSTRIES INC,Vulnerable,1
371281,"Take-Two Interactive Software, Inc.",358,0.3789421052661563,0.0708564155846938,0.5502014768377529,0.3080856896814625,0.4364137525150413,0.0502793296089385,0.5921787709497207,0.3575418994413408,0.0502793296089385,0.3547486033519553,4.948707912248119e-05,0.0539393511761266,0.0250523280259134,4.9487622947907575e-05,0.0643617981073358,0.1293837777190866,0.2303159475204125,4.948759570724979e-05,4.948715386873867e-05,0.0270472042452613,0.4696521562960495,4.948745816751658e-05,0.0522479945061589,2,0.0003254678600488,371281,TTWO,TAKE TWO INTERACTIVE SOFTWARE INC,Resilient,0
376921,"Mercury Systems, Inc.",219,0.432710968321572,0.17409884688959,0.3931901806361599,0.258612121431982,0.59508215855223,0.1461187214611872,0.4200913242009132,0.4337899543378995,0.1461187214611872,0.4292237442922374,6.608728921076679e-05,6.608743157047966e-05,0.0565991096074098,6.608790992063735e-05,0.1000174755852511,0.1203067431004992,6.608822729874285e-05,0.7225479681876142,6.608831924157791e-05,6.608811213895864e-05,6.608819716937398e-05,6.608803267494494e-05,0.0568634619813859,0,0.0,376921,MRCY,MERCURY SYSTEMS INC,Resilient,0
380864,"PC Connection, Inc.",193,0.4113772304685197,0.1702308021027382,0.4183919679402456,0.2411464283657815,0.597466434198413,0.1450777202072538,0.4507772020725388,0.4041450777202072,0.1450777202072538,0.4041450777202072,9.862240530796887e-05,9.862279320512432e-05,0.1242535715432334,0.0392993445243163,0.1391267520390307,0.1958057062714171,0.0798927768301356,0.173980391523481,9.862408561357538e-05,0.0795444555957434,9.862372276829588e-05,0.1677025086657473,0.4108985044146541,19,0.005608028335301,380864,CNXN,PC CONNECTION INC,Vulnerable,1
382975,"Manhattan Associates, Inc.",261,0.4117510575708358,0.0806075896090074,0.50764134981566,0.3311434679618283,0.4769878194639328,0.0613026819923371,0.5363984674329502,0.4022988505747126,0.057471264367816,0.4022988505747126,5.978224088052663e-05,5.9782803722824105e-05,0.0246155035776013,0.0059486299095925,0.1985113507795175,0.282224179641294,0.0679762754806095,5.978279864805977e-05,5.978283557381562e-05,0.043231451400031,5.978251990237284e-05,0.3771936960126263,0.451049063735425,11,0.0022240194096239,382975,MANH,MANHATTAN ASSOCIATES INC,Vulnerable,1
383981,"AXT, Inc.",185,0.3497114947971863,0.1756045293465659,0.4746839770996893,0.1741069654506203,0.5701953025502086,0.1513513513513513,0.4972972972972973,0.3513513513513513,0.1513513513513513,0.3459459459459459,9.52418252112248e-05,9.524225214089054e-05,0.5613562920619046,9.52420197601238e-05,0.0879168919325327,9.524244677301708e-05,0.0764710043412052,0.1438006910715716,0.1297884271163746,9.524115300233456e-05,9.524183153951194e-05,9.524194798411617e-05,0.6914304442990258,3,0.000819224467504,383981,AXTI,AXT INC,Vulnerable,1
388005,Logitech International S.A.,262,0.4141472633430407,0.0868556041835686,0.4989971293577256,0.327291659159472,0.4592949040404072,0.0648854961832061,0.5419847328244275,0.3931297709923664,0.0572519083969465,0.3854961832061068,7.184155520662356e-05,0.1701294447105375,0.0697315246739123,7.1842651685822e-05,0.417761724944624,7.18426121162945e-05,7.184225569321077e-05,0.1089027918179127,7.184210869948342e-05,7.184262923997373e-05,0.1872668559483452,0.0457766040920264,0.1157236561555641,1,0.0002047921359819,388005,LOGI,LOGITECH INTERNATIONAL S.A.,Resilient,0
391687,Citigroup Inc.,505,0.4194179674942452,0.0916057195864839,0.488976311585912,0.3278122479077613,0.4939370121872207,0.0752475247524752,0.5287128712871287,0.396039603960396,0.0712871287128712,0.3920792079207921,3.373955052819235e-05,3.373932894408718e-05,3.3739465244797105e-05,0.1229653409450428,0.1110491950665986,0.7387182940280238,3.373984267027433e-05,0.0269972531822089,3.3739675961715004e-05,3.3739886443136786e-05,3.373941991736116e-05,3.373960841621517e-05,0.1231002995811086,4,0.000433792430322,391687,TRVG,trivago N.V.,Resilient,0
399960,BlackBerry Limited,238,0.4560863139154781,0.0543428185364591,0.4895708649223592,0.4017434953790189,0.4427215821618357,0.0378151260504201,0.5084033613445378,0.453781512605042,0.0294117647058823,0.453781512605042,7.795715284380048e-05,7.795722465264043e-05,0.2173551202845527,7.795789351274182e-05,0.317958679960271,0.0753935478881899,0.0676919772401053,0.0336398589037096,7.795794763288479e-05,7.795722987776911e-05,7.795750894874235e-05,0.2874930707657027,0.5050820641212789,1,0.0002269117313365,399960,BB,BLACKBERRY Ltd,Resilient,0
400346,"Cantaloupe, Inc.",164,0.3874108295251683,0.0817300426495465,0.5308591270387718,0.3056807868756218,0.4598835262948635,0.0670731707317073,0.5670731707317073,0.3658536585365853,0.0609756097560975,0.3536585365853658,0.008518363946674,0.0988117597220204,0.0491202183414854,0.0001054895756841,0.0941688291309764,0.6699320502660191,0.0001054899172595,0.0001054894972161,0.0001054901490836,0.0360733525407958,0.0001054905204898,0.0428479763922953,0.1282525269993444,1,0.0003171582619727,400346,CTLP,"CANTALOUPE, INC.",Resilient,0
401890,Quantum Corporation,158,0.3855436070250418,0.1613823462755101,0.4530740539967731,0.2241612607495317,0.5438827231544432,0.1518987341772152,0.4620253164556962,0.3860759493670886,0.1329113924050632,0.3670886075949367,9.932789258688176e-05,9.932813444648772e-05,0.1391876198516469,9.9328745550598e-05,0.0717422760991888,0.2325425335085862,0.0532685730927869,0.2817238124208868,9.932836173452427e-05,0.0617796288675597,0.0009462830784288,0.1584119599465971,0.3595778657730889,5,0.0015586034912718,401890,QMCO,QUANTUM CORP /DE/,Vulnerable,1
405483,Plug Power Inc.,391,0.3413821847185188,0.052910058778208,0.6057077524254618,0.2884721259403107,0.390025276588235,0.0306905370843989,0.639386189258312,0.329923273657289,0.0281329923273657,0.3248081841432225,0.2379708449825989,0.0346442729180907,4.1772888307307526e-05,4.1772917865877866e-05,4.177300442158044e-05,4.177307730344259e-05,0.1729707412948214,0.5540799579253514,4.177284458193174e-05,4.177274738079717e-05,4.177245814954051e-05,4.177294112710013e-05,0.000208864339263,0,0.0,405483,PLUG,PLUG POWER INC,Vulnerable,1
411950,ON Semiconductor Corporation,387,0.3151321085518856,0.1119062751615829,0.5729616171600975,0.2032258333903027,0.4655140326496766,0.0956072351421188,0.6149870801033591,0.2894056847545219,0.0930232558139534,0.2868217054263566,0.041314239945516,4.6976616009739406e-05,0.8649436833314215,4.6976560917471066e-05,0.0656191491661672,4.697687365659051e-05,4.697668742569915e-05,4.697706213836925e-05,0.0277471132119501,4.6977133053038e-05,4.697666997466675e-05,4.697674176945736e-05,0.8928317269791115,11,0.0015863859244303,411950,ON,ON SEMICONDUCTOR CORP,Vulnerable,1
427445,"Impinj, Inc.",305,0.2943440653933364,0.1098716637913565,0.5957842712519599,0.1844724016019799,0.4635232320887296,0.081967213114754,0.6426229508196721,0.2754098360655738,0.0786885245901639,0.2754098360655738,0.0124068569355186,0.2509005333021514,0.5108175126850554,6.0874040107148614e-05,0.0563990636183511,0.0583070054264642,0.0843658736032915,6.087431219193823e-05,6.087496190900491e-05,0.0029751443913332,6.08754636031864e-05,0.0235845112600232,0.537498917338428,0,0.0,427445,PI,IMPINJ INC,Vulnerable,1
428918,"nLIGHT, Inc.",245,0.353632994459904,0.1435746702270544,0.50279233066023,0.2100583242328495,0.5316141387052945,0.1387755102040816,0.5224489795918368,0.3387755102040816,0.1306122448979592,0.3346938775510204,0.0243818160442202,6.814220258479354e-05,0.3554340649631545,6.814087894549929e-05,6.814140724002694e-05,6.814135073637832e-05,0.1258537830651873,0.4500679064760692,0.0437854410391658,6.814061022166142e-05,6.814100360386684e-05,6.814095887049754e-05,0.399423928450358,0,0.0,428918,LASR,"NLIGHT, INC.",Vulnerable,1
675577,"Bed Bath & Beyond, Inc.",1370,0.1820131123436438,0.0938766946628635,0.724110189833454,0.0881364176807802,0.3449633622564962,0.064963503649635,0.8102189781021898,0.1248175182481751,0.0605839416058394,0.1204379562043795,1.2962724148987443e-05,0.5690477257023154,1.2962601846646644e-05,1.2962637150747627e-05,0.1010548093169672,0.0783869264284952,0.2514068372754088,1.2962659161592089e-05,1.2962819086787291e-05,1.2962564090090245e-05,1.296260596256901e-05,1.2962665365824236e-05,6.481328754009604e-05,2,7.49653285355523e-05,675577,BBBY,"BED BATH & BEYOND, INC.",Resilient,0
875505,Advantest Corporation,351,0.3331183984774852,0.0866551342276999,0.5802264660092713,0.2464632642497852,0.4400242362799983,0.0598290598290598,0.6239316239316239,0.3162393162393162,0.0569800569800569,0.3105413105413105,5.548370904070629e-05,5.5483781218812185e-05,0.126975188908176,0.0340251390757571,0.009106766675491,5.548387203823431e-05,0.069233627316099,5.548418565697036e-05,0.7306100770705292,0.029716297190611,5.548418530659578e-05,5.5484030075456495e-05,0.9213821862751488,33,0.0059534548078657,875505,ATEYY,ADVANTEST CORP,Vulnerable,1
1342547,Tucows Inc.,198,0.3679764449333,0.1788420335723632,0.4531815194129718,0.1891344113609367,0.6157029962952725,0.1616161616161616,0.4696969696969697,0.3686868686868687,0.1616161616161616,0.3636363636363636,0.0199875702393594,8.028655349348421e-05,8.028624715817915e-05,8.028560618304454e-05,0.1909580358949926,0.6833775908208146,0.0593877925613321,8.028612362623372e-05,8.028600049168892e-05,0.0172478758802388,8.02863627247124e-05,0.0285594177095849,0.0460481514436567,3,0.0007195970256656,1342547,TCX,TUCOWS INC /PA/,Vulnerable,1
1462309,"Skyworks Solutions, Inc.",267,0.4276508563686483,0.1252803805821369,0.4470687638026442,0.3023704757865114,0.5332860514362611,0.1161048689138576,0.4606741573033708,0.4232209737827715,0.1086142322097378,0.4194756554307116,7.178020325943536e-05,0.0318518145557054,0.881495187368605,7.178081683198226e-05,7.178051160012216e-05,7.178109535301826e-05,0.0303750901884099,7.17807603061118e-05,7.178094691342844e-05,0.0557036617307233,7.178105276753e-05,7.17807695246078e-05,0.9374141916325984,9,0.0019663535066637,1462309,SWKS,"SKYWORKS SOLUTIONS, INC.",Vulnerable,1
2689126,"Fortinet, Inc.",332,0.3996891051149332,0.051343643915817,0.5489672504068094,0.3483454611991162,0.4226030593022227,0.0301204819277108,0.5813253012048193,0.3885542168674699,0.0240963855421686,0.3855421686746988,4.599228056445936e-05,4.599153069618056e-05,0.1661809753435824,0.2188318005634914,0.0252726832348953,4.599181109050637e-05,0.0242133830947906,4.599190284941722e-05,4.5991617544029647e-05,0.0188162918354659,4.5991231873736046e-05,0.5464089155531557,0.9502839749132396,5,0.0007329228965112,2689126,FTNT,"Fortinet, Inc.",Resilient,0
3352516,Fabrinet,203,0.4108797618247605,0.0763088293703906,0.5128114073596931,0.3345709324543699,0.4571545448354558,0.0492610837438423,0.5369458128078818,0.4137931034482758,0.0492610837438423,0.3940886699507389,0.0001006487561329,0.0001006477087528,0.94941055047137,0.0001006479488352,0.000100648890185,0.0001006485083769,0.0495829665071691,0.0001006489019286,0.0001006481914799,0.0001006478433136,0.0001006482111142,0.0001006480613409,0.94981314251634,6,0.0015860428231562,3352516,FN,Fabrinet,Vulnerable,1
4038384,Billerud AB (publ),279,0.357653984481195,0.2105105692323791,0.4318354441367063,0.1471434152488159,0.5933303329475056,0.2150537634408602,0.4408602150537634,0.3440860215053763,0.2043010752688172,0.3369175627240143,6.956407102689055e-05,6.956307495533455e-05,6.956322129485707e-05,6.956277551137733e-05,0.9579886938704132,6.956347884591951e-05,6.956310793300806e-05,0.0413156746388448,6.956324434099072e-05,6.956249232044881e-05,6.95633911589753e-05,6.956263335418938e-05,0.0003478143668218,0,0.0,4038384,BILL,"BILL Holdings, Inc.",Vulnerable,1
4639940,"Arteris, Inc.",176,0.3291759710145098,0.110681449187475,0.5601425798906182,0.2184945218270348,0.4780410277634182,0.0909090909090909,0.6079545454545454,0.3011363636363636,0.0852272727272727,0.2954545454545454,8.512472157953608e-05,8.51240757980912e-05,0.3864021594787464,8.51247168907882e-05,8.512456642601675e-05,8.512470636381556e-05,0.1183631655889136,8.512508195529587e-05,0.2677453640256635,0.0255327681204287,8.512372421933041e-05,0.2013606711930148,0.8811260875347443,21,0.0059305280994069,4639940,AIP,"Arteris, Inc.",Vulnerable,1
6479558,"Super Micro Computer, Inc.",264,0.3820507260829662,0.0769647475293216,0.5409845271444117,0.3050859785536445,0.4450370110790692,0.0568181818181818,0.5871212121212122,0.3560606060606061,0.0568181818181818,0.3560606060606061,0.1117764511475653,7.474191638875127e-05,0.2927584098790738,7.474112325145282e-05,7.474172156359897e-05,0.0383489425483036,0.1116002218904855,0.2251115222420141,0.0625484740165897,0.1574822697180211,7.474235666452944e-05,7.474144007812276e-05,0.5129386361770143,30,0.0068321566841266,6479558,SMCI,"Super Micro Computer, Inc.",Resilient,0
7939542,Alpha and Omega Semiconductor Limited,203,0.3840377785063583,0.1777946273360419,0.4381675919049919,0.2062431511703163,0.5656968180820614,0.1773399014778325,0.4285714285714285,0.3940886699507389,0.1724137931034483,0.3842364532019704,8.17033506186102e-05,8.170252240937598e-05,0.9512451800326494,8.17023350059367e-05,8.170330696870954e-05,8.170326271175314e-05,8.170247801462487e-05,8.170244085853406e-05,8.170278493666857e-05,8.170196384004212e-05,0.0479377934326849,8.170208930150666e-05,0.9515719892057336,20,0.0054362598532209,7939542,AOSL,ALPHA & OMEGA SEMICONDUCTOR Ltd,Vulnerable,1
8058229,WISeKey International Holding AG,214,0.3159901094427071,0.0726867341218847,0.6113231609897497,0.2433033753208224,0.4280298494869539,0.0514018691588785,0.6635514018691588,0.2850467289719626,0.0514018691588785,0.2803738317757009,5.927233575872429e-05,5.927251685635694e-05,5.927266975885752e-05,0.0303823315366969,5.9272137930691904e-05,5.9272386462022314e-05,0.3202162434291914,0.6071903717756858,5.92723732639185e-05,5.927250605433537e-05,0.0417368736134996,5.9272718841228185e-05,0.0306194218046152,1,0.000202183582693,8058229,WKEY,Wisekey International Holding S.A.,Vulnerable,1
13398355,"Vislink Technologies, Inc.",140,0.4818018811156175,0.1451559079378577,0.3730422088942889,0.3366459731777598,0.5933553096766793,0.1357142857142857,0.3785714285714285,0.4857142857142857,0.1357142857142857,0.4785714285714286,0.0841124735457096,0.0001045632374227,0.0081816133695551,0.0001045631620232,0.0001045633932139,0.0001045636183195,0.3132721522689677,0.4310495898723255,0.0001045629766177,0.0001045643049846,0.1626522204879343,0.0001045697629258,0.0085998735761066,1,0.0003705075954057,13398355,VISL,"Vislink Technologies, Inc.",Vulnerable,1
13610016,Vuzix Corporation,187,0.3875443888554239,0.1080023608230213,0.5044532466311267,0.2795420280324026,0.5176463453240526,0.0962566844919786,0.5080213903743316,0.3957219251336898,0.0962566844919786,0.3957219251336898,6.490439934151538e-05,0.0169290192385288,0.019780120611884,0.0069216460554096,6.49039953019192e-05,0.0241556185973436,0.2373063104010021,0.0584236152616144,0.505366357769511,6.490379256213457e-05,0.0532267160283094,0.0776958838491909,0.6098289120785578,12,0.0030211480362537,13610016,VUZI,Vuzix Corp,Resilient,0
20344586,"Himax Technologies, Inc.",266,0.416804268966688,0.1735051703688345,0.4096905601743076,0.2432990985978534,0.5921755611578712,0.1654135338345864,0.4285714285714285,0.4060150375939849,0.1616541353383458,0.4060150375939849,3.840403441213052e-05,3.8404271000739936e-05,0.3500763252564197,3.840410236016987e-05,3.8404072079403014e-05,3.840418687526203e-05,3.8404098161546085e-05,3.840420215876156e-05,0.6495396328146819,3.840437281316464e-05,3.8404245100654786e-05,3.840434393673712e-05,0.9997311708902116,23,0.0037489812550937,20344586,HIMX,"Himax Technologies, Inc.",Vulnerable,1
22967487,"ServiceNow, Inc.",389,0.3763339452033714,0.0424243971169148,0.5812416576318309,0.3339095480864565,0.3781010338253383,0.0231362467866323,0.6401028277634961,0.3367609254498714,0.0205655526992287,0.3367609254498714,3.7949861162360774e-05,0.0350718897341849,3.7949492919624705e-05,0.070346096534046,3.794919679107424e-05,3.794978019043476e-05,0.2158133451693847,3.7949488817527354e-05,3.794922924135579e-05,0.0695258292983848,3.794953819774259e-05,0.6089771926766794,0.7489250172312711,68,0.0090533883637331,22967487,NOW,"ServiceNow, Inc.",Vulnerable,1
23374622,"MaxLinear, Inc.",274,0.3696287876610257,0.1003133692085253,0.5300578437473652,0.2693154184525003,0.4833452230591326,0.0766423357664233,0.5693430656934306,0.354014598540146,0.0766423357664233,0.3503649635036496,6.038914301841355e-05,6.038968046833639e-05,0.7756480725701439,6.038907884813365e-05,6.0389467991503034e-05,6.038918197568768e-05,0.1468378653130593,6.038910484883641e-05,6.0388881548009936e-05,0.063851768239046,0.0131791800935765,6.0389245475297255e-05,0.8396810080150613,14,0.002540834845735,23374622,MXL,"MAXLINEAR, INC",Vulnerable,1
23813923,SiTime Corporation,170,0.4061419075409717,0.060312088707681,0.5335459997713128,0.3458298188332906,0.4502451553863376,0.0411764705882352,0.5823529411764706,0.3764705882352941,0.0411764705882352,0.3764705882352941,0.0001026320834941,0.0001026313275858,0.7747873325248018,0.0001026313398572,0.0741995686586849,0.000102632065245,0.054030121487544,0.0001026320130192,0.0242728568491101,0.0719916988117101,0.0001026311087126,0.0001026317302346,0.871257151255714,10,0.0028571428571428,23813923,SITM,SITIME Corp,Vulnerable,1
26878585,Vianet Group plc,286,0.3697172963268846,0.0535282980409691,0.5767544048831804,0.3161889982859154,0.4086675584266692,0.0314685314685314,0.6083916083916084,0.3601398601398601,0.0314685314685314,0.3531468531468531,0.187316661130898,0.0409256237796861,6.726119880700958e-05,0.0543149295376693,0.3181643674255627,0.2119027697709218,0.1734813873472913,6.726141012506988e-05,0.0135579539457893,6.726110906565263e-05,6.726161660955251e-05,6.726172757382292e-05,0.0680746675189052,1,0.0002072538860103,26878585,VNET,"VNET Group, Inc.",Resilient,0
27629813,"HubSpot, Inc.",376,0.3953471125049041,0.0528285327860391,0.5518243546558029,0.3425185797188649,0.4144435983544562,0.0292553191489361,0.5824468085106383,0.3882978723404255,0.0292553191489361,0.3776595744680851,4.504719621937238e-05,0.1777209075862396,4.5046890742082655e-05,0.3674740833549124,4.50470207020181e-05,4.504714010228462e-05,4.504715657502578e-05,4.504716032478139e-05,4.5046860820470246e-05,4.504706653905817e-05,4.504729608536751e-05,0.4543995852707375,0.8220088094437514,57,0.0082097076191847,27629813,HUBS,HUBSPOT INC,Resilient,0
28543927,Bloom Energy Corporation,370,0.3124216288856759,0.0723754509364733,0.6152029168741727,0.2400461779492026,0.40520996352903,0.054054054054054,0.6648648648648648,0.2810810810810811,0.0513513513513513,0.2756756756756757,0.6560041894481898,4.848005191414839e-05,0.0777947613505852,0.0037382610455184,4.848010672439767e-05,0.0213505886508857,0.0683345375350716,0.0476488939761135,4.847968943301765e-05,4.848005248521218e-05,4.84800776800146e-05,0.1248863680153986,0.2065163501534205,11,0.0017410572966128,28543927,BE,Bloom Energy Corp,Vulnerable,1
29762552,Canadian Solar Inc.,334,0.3006856325263726,0.0956324984955261,0.6036818734855353,0.2050531340308465,0.4552828141632104,0.0778443113772455,0.6437125748502994,0.278443113772455,0.0748502994011976,0.2754491017964072,0.3648719283272475,4.4780994778732575e-05,4.478079351319738e-05,4.4780768238335545e-05,4.478093663948857e-05,4.478074572434336e-05,4.478100803796434e-05,0.5273583651435827,0.0967779410154071,0.0003505140466872,0.0103277854692113,4.4780750931842304e-05,0.0972627973747778,6,0.0010427528675703,29762552,CSIQ,Canadian Solar Inc.,Vulnerable,1
29927936,"Reddit, Inc.",482,0.3265636824264628,0.0418295384871607,0.6316067797452583,0.2847341439393021,0.3637622936198464,0.0145228215767634,0.6991701244813278,0.2863070539419087,0.0145228215767634,0.2842323651452282,3.737094610583369e-05,0.8873486361935653,3.737075742352683e-05,0.0308837242500583,3.737081640195039e-05,0.0468860841315864,3.737078742457455e-05,3.737079550223722e-05,3.737054033512024e-05,3.7370871555741934e-05,3.737070156302619e-05,0.0345825892084777,0.0655784256278505,24,0.0029361389772449,29927936,RDDT,"Reddit, Inc.",Resilient,0
30028982,"Aviat Networks, Inc.",197,0.3590642865629025,0.2132346907862211,0.4277010225988735,0.1458295957766813,0.6191128502608296,0.2030456852791878,0.4365482233502538,0.3604060913705584,0.1979695431472081,0.3604060913705584,0.0107547620785801,9.804356585922095e-05,0.3660115357897585,9.80431811827934e-05,0.3312573538526919,9.804379088710976e-05,9.804388192394598e-05,0.2911919988827893,9.804246017278492e-05,9.804376096133666e-05,9.804460452286507e-05,9.804415067035416e-05,0.3664037093427457,0,0.0,30028982,AVNW,"AVIAT NETWORKS, INC.",Resilient,0
30663855,Wayfair Inc.,427,0.3142470009624958,0.0956643597545665,0.5900886405730484,0.2185826412079293,0.4384451194512173,0.0749414519906323,0.6487119437939111,0.2763466042154566,0.0655737704918032,0.2740046838407494,3.723710277224369e-05,0.3622905944500541,3.723728400350179e-05,3.7237179318680126e-05,0.2398565173779061,0.3975177533488905,3.723723094435711e-05,3.7237284857114435e-05,3.7237133261851345e-05,3.7237232155932325e-05,3.723706523438378e-05,3.723731060117106e-05,0.0001861861393411,7,0.0007840501792114,30663855,W,Wayfair Inc.,Vulnerable,1
34792193,Beam Global,401,0.2901255992610481,0.1295505915013632,0.5803238091981062,0.1605750077596849,0.47015332474146,0.1097256857855361,0.6359102244389028,0.2543640897755611,0.1022443890274314,0.2493765586034912,0.224078762973393,0.0070159283671187,3.76918717076687e-05,3.7691868707459194e-05,0.1616548420906375,3.769213868106876e-05,0.4496275129664975,3.769211735246322e-05,0.1573591098210421,3.769176059417419e-05,3.769189067069548e-05,3.7692133597641e-05,0.1575098774556491,2,0.0002433682161109,34792193,BEEM,Beam Global,Vulnerable,1
36397912,"PubMatic, Inc.",336,0.4609529212757479,0.0498634581218495,0.4891836184847523,0.4110894631538984,0.4201835859738757,0.0297619047619047,0.5089285714285714,0.4613095238095238,0.0267857142857142,0.4523809523809524,4.164724387128479e-05,0.794009618790762,4.164775843219272e-05,0.0623669960825104,4.1647752182562095e-05,0.0059710502156292,4.164749638837339e-05,0.0633746401626103,4.164783461249616e-05,4.164767808480546e-05,4.164785936712866e-05,0.0739861611255492,0.1364781004791891,13,0.0020180068301769,36397912,PUBM,"PubMatic, Inc.",Resilient,0
37502896,"Magnite, Inc.",337,0.3570576541523728,0.0805879913115713,0.562354358217129,0.2764696628408014,0.4511210089772305,0.0563798219584569,0.6053412462908012,0.3382789317507418,0.0563798219584569,0.3323442136498516,4.3134783451727976e-05,0.799128517433906,4.313525903041622e-05,4.313535056722663e-05,0.0869654136464642,0.1135178523062888,4.313510171207933e-05,4.313516047776023e-05,4.313503112867135e-05,4.313540274405158e-05,4.313522890371452e-05,4.313529532533129e-05,0.0002156763387956,8,0.0011843079200592,37502896,MGNI,"MAGNITE, INC.",Resilient,0
39088201,Atomera Incorporated,257,0.3279312705831305,0.0839825820101693,0.5880861455313716,0.2439486885729611,0.4335804381277779,0.0739299610894941,0.6342412451361867,0.2918287937743191,0.0622568093385214,0.2918287937743191,6.02147456330796e-05,6.021428982173741e-05,0.3264531993811089,6.021427607913149e-05,6.021437915459993e-05,6.021459970122845e-05,0.4677835053060146,6.021472936598732e-05,0.2052213658539503,6.021406621523182e-05,6.021408412069262e-05,6.021428883469046e-05,0.5318552078661883,3,0.0005550416281221,39088201,ATOM,Atomera Inc,Vulnerable,1
43580005,Palantir Technologies Inc.,320,0.3579040835786145,0.0630666465949616,0.5790292673424119,0.2948374369836529,0.4279551919543861,0.034375,0.634375,0.33125,0.034375,0.325,4.614515575603317e-05,4.614583632648003e-05,0.0177185926794687,0.0634224030453931,0.0192281485275361,0.0659748432641742,0.4716458551700503,0.0507224997536778,0.0146854359964059,0.0807845921414749,4.6144850584284326e-05,0.2156791935791519,0.3922902174418946,38,0.0057108506161707,43580005,PLTR,Palantir Technologies Inc.,Resilient,0
44299616,"AppFolio, Inc.",119,0.5164327214221556,0.1257074434787598,0.3578598313190105,0.3907252779433958,0.571571065424099,0.1176470588235294,0.3193277310924369,0.5630252100840336,0.1092436974789916,0.5546218487394958,0.0001136923870275,0.0001136926778644,0.0001136934952187,0.0058018528723572,0.0321415231920373,0.6217898899475243,0.0001136928692175,0.0001136934498487,0.0001136944650179,0.0001136922165465,0.1254669133119853,0.2140039691153542,0.2201469021644947,3,0.001233045622688,44299616,APPF,APPFOLIO INC,Vulnerable,1
46271970,Digimarc Corporation,228,0.2515988729796127,0.1355538635857795,0.6128472620376239,0.1160450093938331,0.4543803039581516,0.1096491228070175,0.6666666666666666,0.2236842105263158,0.1096491228070175,0.219298245614035,8.210524272411246e-05,8.21055161547272e-05,8.210501842316347e-05,8.210563670193075e-05,8.210580994588812e-05,0.2793108987020505,0.620113805293198,8.210547968169844e-05,8.210454906595955e-05,8.210476356183026e-05,8.21058651213436e-05,0.0998363481233707,0.1001647680911236,1,0.0002364625206904,46271970,DMRC,Digimarc CORP,Vulnerable,1
59692786,"Expensify, Inc.",191,0.3080281152375315,0.0672700960842492,0.6247017878785496,0.2407580191532823,0.4015960603993268,0.0418848167539267,0.6910994764397905,0.2670157068062827,0.0418848167539267,0.2670157068062827,0.0001093647355368,0.1225561372169639,0.0210721072981041,0.0240233526380894,0.0001093665604363,0.4436678304907003,0.3148910347740205,0.0001093650828568,0.000109365541709,0.0001093656932233,0.0001093652144198,0.0731333447539391,0.1184475359250652,7,0.0020558002936857,59692786,EXFY,"Expensify, Inc.",Resilient,0
61344787,"Cardlytics, Inc.",231,0.487942028016626,0.097339822924837,0.4147181474841583,0.390602205091789,0.5251458716058135,0.0865800865800865,0.4025974025974026,0.5108225108225108,0.0865800865800865,0.5021645021645021,6.395708363713063e-05,0.371509287437651,6.395801165690755e-05,6.395785038866455e-05,6.395755192768209e-05,0.507483299513373,6.395724392864327e-05,6.395789668794664e-05,6.395739501561626e-05,6.395736023642969e-05,0.0025835451396271,0.1179122075158698,0.1181680381331674,0,0.0,61344787,CDLX,"Cardlytics, Inc.",Vulnerable,1
78749412,Generac Holdings Inc.,399,0.4053931075164623,0.1493146696541094,0.4452922223345901,0.2560784378623529,0.5371673320371261,0.1278195488721804,0.4937343358395989,0.3784461152882205,0.1228070175438596,0.3734335839598997,0.1898273351486726,0.0180309282881733,0.0751769174913021,3.412642254935485e-05,0.3735162402530553,0.2520710665459779,3.412665374448073e-05,0.0911727533628905,3.4126558960187385e-05,3.4126284186030257e-05,3.412654730564608e-05,3.4126443182395e-05,0.0753134232001801,1,0.000107735401853,78749412,GNRC,GENERAC HOLDINGS INC.,Vulnerable,1
81838153,"Asana, Inc.",378,0.4457911744334356,0.0718665654431023,0.4823422605792681,0.3739246089903332,0.457826247002311,0.0529100529100529,0.5052910052910053,0.4417989417989418,0.0476190476190476,0.4391534391534391,3.722097476536299e-05,0.0397820222921872,3.722086954553299e-05,3.722068673876498e-05,3.722077578234366e-05,0.107495147510722,3.7220775619524905e-05,3.7220773723294634e-05,3.722095299115336e-05,3.722041210905195e-05,3.7220631365361365e-05,0.8523878433444504,0.8525367262658349,78,0.0102469784550709,81838153,ASAN,"Asana, Inc.",Resilient,0
81851700,"Cloudflare, Inc.",341,0.4161872273963764,0.0982388779084004,0.4855738963789779,0.3179483494879759,0.4894781818349296,0.0821114369501466,0.4985337243401759,0.4193548387096774,0.0762463343108504,0.4105571847507331,4.767548156383297e-05,4.767589332355604e-05,0.0111860387185567,0.1387350552200917,4.7675835524970954e-05,4.7675767265837785e-05,0.3819880428223725,4.7675693179076435e-05,4.767566240923592e-05,0.1142172372532438,4.767575064356855e-05,0.3535398959018251,0.6177259027561266,34,0.0048179112937508,81851700,NET,"Cloudflare, Inc.",Resilient,0
84159238,Shopify Inc.,460,0.3446896864992121,0.0695811541012042,0.5857291555376318,0.2751085323980078,0.4153255758758101,0.0521739130434782,0.6413043478260869,0.3065217391304348,0.0478260869565217,0.3021739130434782,3.1003597699772686e-05,0.5866828192936464,0.00755841990466,3.1003426592069504e-05,0.0374363192320325,0.2226444048861,0.0236167549154599,3.100329526168204e-05,3.100322961867712e-05,3.100327471383213e-05,3.100306267347256e-05,0.1218752618815418,0.1295266917171264,22,0.0023182297154899,84159238,SHOP,SHOPIFY INC.,Resilient,0
84196527,Daqo New Energy Corp.,184,0.1958469533078048,0.2469297434334926,0.5572233053187475,-0.0510827901256878,0.5137148997678033,0.233695652173913,0.6141304347826086,0.1521739130434782,0.2282608695652173,0.1521739130434782,0.0397197322678741,7.817719219233803e-05,7.817705086318021e-05,7.817649302996031e-05,0.2608061768448095,7.817745290262218e-05,7.817741537682947e-05,0.2000704623886966,0.4987782120310173,7.817625476208868e-05,7.817745647271808e-05,7.817715200235177e-05,0.4990909189816749,1,0.0002467917077986,84196527,DQ,DAQO NEW ENERGY CORP.,Resilient,0
98730515,ThredUp Inc.,205,0.4852199071314095,0.0949015435490121,0.4198785455215995,0.3903183635823973,0.5099389408705135,0.0780487804878048,0.4390243902439024,0.4829268292682926,0.0780487804878048,0.473170731707317,7.171904179765157e-05,0.2907738833917331,0.0234679044847792,7.171870548668649e-05,0.0337849107572905,0.6008336294605128,7.171836451264998e-05,7.171849158370753e-05,7.171824876731264e-05,0.0493302759792496,7.171820307615597e-05,0.0013790848712106,0.0743207022894935,18,0.0038709677419354,98730515,TDUP,ThredUp Inc.,Resilient,0
105664036,Lightspeed Commerce Inc.,291,0.4634301170572331,0.0594456010798946,0.4771242849240751,0.4039845159773385,0.4549240978469844,0.0446735395189003,0.4948453608247423,0.4604810996563573,0.0412371134020618,0.4536082474226804,4.7648509614777104e-05,0.029838278946347,4.764838933863589e-05,4.764829198872081e-05,0.2551752538693011,0.5661260908398323,4.764822441748414e-05,4.764833047168309e-05,4.764881060955474e-05,4.7647972700985506e-05,4.764833095517322e-05,0.1484791894844225,0.1486697829490604,1,0.0001634253963065,105664036,LSPD,Lightspeed Commerce Inc.,Vulnerable,1
106486370,"Backblaze, Inc.",197,0.4150029659119959,0.0727735456353441,0.5122234854223159,0.3422294202766518,0.4552610079577734,0.0609137055837563,0.5228426395939086,0.416243654822335,0.0507614213197969,0.416243654822335,9.117912979903636e-05,9.11783006110058e-05,9.11781628193106e-05,9.117832323243282e-05,0.0500898884960969,0.3617711060804267,0.2020948627998254,9.11786269854716e-05,9.117778798428456e-05,0.1055542347866792,9.117797035803516e-05,0.279851659535182,0.3856794285958973,7,0.0018587360594795,106486370,BLZE,"Backblaze, Inc.",Resilient,0
108788945,"Phunware, Inc.",284,0.2478234096476152,0.0804972538173618,0.6716793375286523,0.1673261558302534,0.3718481738563834,0.0633802816901408,0.7394366197183099,0.1971830985915492,0.0598591549295774,0.1971830985915492,5.311446560518259e-05,0.1210566884522736,5.311459304657529e-05,5.3115185996403645e-05,5.3114744062177926e-05,0.0077295161373914,0.3886306519206504,5.311481571136519e-05,5.311463688313072e-05,5.3114704474876864e-05,0.0672691966604434,0.4149421436834612,0.4151546028038622,46,0.0087386018237082,108788945,PHUN,"Phunware, Inc.",Vulnerable,1
115222699,Viant Technology Inc.,294,0.4510154458725837,0.0496507899766014,0.4993337661116606,0.4013646558959822,0.4267623676798172,0.0238095238095238,0.5238095238095238,0.4523809523809524,0.0238095238095238,0.445578231292517,4.2025259424786854e-05,0.8087990651187529,4.202568130204196e-05,4.202589180682458e-05,4.202565240831727e-05,0.0502867301771554,4.202579830738366e-05,4.20259512804738e-05,4.202577476800853e-05,4.202577743077663e-05,0.0188492389407951,0.1217287599765679,0.1218968631018756,26,0.0040473225404732,115222699,DSP,Viant Technology Inc.,Resilient,0
126751161,"Nutanix, Inc.",341,0.2960250148866489,0.0883674670251146,0.6156075241759725,0.2076575478615343,0.4059217157588499,0.064516129032258,0.6891495601173021,0.2463343108504398,0.0557184750733137,0.2375366568914956,4.893487190896846e-05,4.89352893866334e-05,0.054756894090798,4.8935446574995074e-05,0.0523126394682361,0.0332888314306185,4.893565399694097e-05,4.893534177717277e-05,4.893513934203227e-05,0.2597248762475359,4.893520329279013e-05,0.5995742118165319,0.9141538527407828,28,0.0042741566173103,126751161,NTNX,"Nutanix, Inc.",Resilient,0
128585388,"Doximity, Inc.",327,0.4035941458076512,0.0534141310789716,0.5429917217918675,0.3501800147286795,0.4031016977092183,0.0214067278287461,0.5963302752293578,0.382262996941896,0.0214067278287461,0.382262996941896,5.189033663366635e-05,0.224171754284856,5.189065661800181e-05,0.4864009617199492,5.1890890730257686e-05,0.1815124872007004,0.0288490085081709,5.1890649715506655e-05,5.189050805492705e-05,5.189048027967492e-05,5.189071657827471e-05,0.0787025540477129,0.5652591874126147,11,0.0017303759635047,128585388,DOCS,"Doximity, Inc.",Resilient,0
133833909,"Shoals Technologies Group, Inc.",402,0.3453801504651372,0.1214253907879601,0.5331944581561383,0.223954759677177,0.4785303096967255,0.099502487562189,0.5597014925373134,0.3407960199004975,0.0945273631840796,0.3308457711442786,0.1327680326476042,4.306854143118436e-05,4.306835703966003e-05,4.306844528712184e-05,0.0268897325512084,4.3068384440238414e-05,0.1514045868599111,0.6885931004802714,4.306872166459218e-05,4.306831824169017e-05,4.306827359128194e-05,4.306841930885502e-05,0.0002153422615419,2,0.0002687810778121,133833909,SHLS,"Shoals Technologies Group, Inc.",Vulnerable,1
134031691,Xunlei Limited,106,0.3942078633567775,0.2573018478018776,0.3484902860473771,0.1369060155548998,0.6605825837711075,0.2830188679245283,0.330188679245283,0.3867924528301887,0.2830188679245283,0.3867924528301887,0.0001350661880082,0.0001350679794036,0.0001350680202838,0.0001350666268716,0.000135068629308,0.1666654098216276,0.0001350669450616,0.0001350683141985,0.3347230883882971,0.0528368475820444,0.4446941134594814,0.0001350680454135,0.3879651386629106,0,0.0,134031691,XNET,Xunlei Ltd,Resilient,0
138672527,"MACOM Technology Solutions Holdings, Inc.",351,0.4314680860040873,0.114624014394915,0.4539078962577884,0.3168440716091724,0.5118318805587466,0.0968660968660968,0.4814814814814814,0.4216524216524216,0.094017094017094,0.4188034188034188,4.372350042831179e-05,4.37233558173532e-05,0.6603433604709922,0.0635544803552875,0.0238499797810562,4.372364474177513e-05,0.0714016815994951,0.1805444336913286,4.3723478574041305e-05,4.372338108170183e-05,4.3723378004486424e-05,4.372336319274948e-05,0.7240290110491283,1,0.0001379881330205,138672527,MTSI,"MACOM Technology Solutions Holdings, Inc.",Vulnerable,1
139264388,"Pinterest, Inc.",360,0.5120734612793765,0.0468745861215413,0.4410519514232874,0.4651988751578351,0.4277120516863146,0.0277777777777777,0.4472222222222222,0.525,0.0277777777777777,0.525,3.012885494684778e-05,0.8675114762935705,3.0129103854327487e-05,3.0129111940185348e-05,3.0129071120337605e-05,0.0730656114483137,3.012887114949033e-05,0.0166601537089366,3.012891165119447e-05,0.0067805019817723,0.0317400508217784,0.0040614318209658,0.0109323209301839,23,0.0026589595375722,139264388,PINS,"PINTEREST, INC.",Resilient,0
153970398,Baozun Inc.,213,0.51671024679508,0.0732622465967012,0.4100275064989085,0.4434480001983788,0.5010572379290008,0.056338028169014,0.4272300469483568,0.5164319248826291,0.056338028169014,0.5164319248826291,6.608749000186777e-05,0.26644237628135,6.608758054905782e-05,6.608807155317255e-05,0.1668090925842613,0.0814898568123091,6.608790115027053e-05,0.0157541977646368,0.1580712113680435,6.608798470076977e-05,0.2603690632940748,0.0507337628673692,0.2090032378722157,2,0.000468713381767,153970398,BZUN,Baozun Inc.,Resilient,0
208444566,NET Power Inc.,269,0.2866346212519423,0.04359718329242,0.6697681987291153,0.2430374379595222,0.3434998989960467,0.0223048327137546,0.7472118959107806,0.2304832713754646,0.0185873605947955,0.2304832713754646,0.9995149729867072,4.409326664711873e-05,4.409342744135399e-05,4.409338645596225e-05,4.409337358216974e-05,4.4093518053295736e-05,4.409342086927883e-05,4.4093783919751784e-05,4.40931933815234e-05,4.40933956460041e-05,4.409289179843859e-05,4.4093355497916165e-05,0.0002204667584227,2,0.000310029452798,208444566,NPWR,NET Power Inc.,Vulnerable,1
210235568,"Duolingo, Inc.",476,0.2395020592096848,0.0527715981172929,0.707726344419252,0.1867304610923919,0.3178516972101812,0.01890756302521,0.7983193277310925,0.1827731092436974,0.0126050420168067,0.1827731092436974,4.916575734988588e-05,0.9994591709506252,4.9166344372028984e-05,4.9166080113653995e-05,4.9166980565884895e-05,4.916614785384869e-05,4.916651149354268e-05,4.916585480390935e-05,4.916695860745006e-05,4.916590797052163e-05,4.9166432502499984e-05,4.916607374156417e-05,0.0002458313648052,10,0.0013090718680455,210235568,DUOL,"Duolingo, Inc.",Resilient,0
214992529,monday.com Ltd.,310,0.4419211341278447,0.0739776444741554,0.4841012172941719,0.3679434896536892,0.4613520048536941,0.0580645161290322,0.4967741935483871,0.4451612903225806,0.0548387096774193,0.4451612903225806,6.956323536876313e-05,6.95637783727247e-05,6.956347512154744e-05,0.5930521490776346,6.956385280745296e-05,0.1012863628002623,6.956379439680993e-05,6.956351096128096e-05,6.956349572498107e-05,6.956341535588297e-05,6.956374166563808e-05,0.3050354158223278,0.8982962552861649,14,0.0025815969020837,214992529,MNDY,monday.com Ltd.,Resilient,0
224101504,Elastic N.V.,421,0.3833121705729505,0.0677070997493903,0.5489807280572463,0.3156050708235602,0.435368251386673,0.0475059382422802,0.5795724465558195,0.3729216152019002,0.0475059382422802,0.3681710213776722,3.562894213542834e-05,3.562933036204502e-05,3.562936563225461e-05,3.5629383046161576e-05,3.5629360830620775e-05,0.0470921118751108,3.562939333893546e-05,3.5629252304629636e-05,3.5629153570628965e-05,0.4545796471671116,3.562904657802705e-05,0.498007577729979,0.9526941127993396,86,0.0100373482726423,224101504,ESTC,Elastic N.V.,Resilient,0
237245858,GlobalFoundries Inc.,388,0.3533560726407569,0.0814152588544547,0.5652286708306944,0.2719408137863022,0.4514887471278813,0.0592783505154639,0.5876288659793815,0.3530927835051546,0.0592783505154639,0.3505154639175257,4.286885934568382e-05,4.286868367975195e-05,0.7582771323375368,4.286922126096383e-05,4.286899437792967e-05,0.0041381742474152,4.286881324342119e-05,0.1228276572391795,0.1144140846647103,4.28689235689978e-05,4.286898696648176e-05,4.28690287148384e-05,0.8728198241757918,3,0.0003881485315047,237245858,GFS,GLOBALFOUNDRIES Inc.,Vulnerable,1
241908542,Unity Software Inc.,232,0.3119741243567189,0.0429640966708418,0.6450617759456408,0.269010027685877,0.3386578957434897,0.0172413793103448,0.728448275862069,0.2543103448275862,0.0172413793103448,0.2413793103448276,6.898831238003354e-05,0.0972854510786682,0.0224738713233626,0.2927037176032319,6.898762801190212e-05,6.898781786250946e-05,0.2465587998843396,6.898778975636706e-05,6.89875690877913e-05,6.898774327136227e-05,0.1283033204163714,0.2122609128336564,0.5275764770726101,13,0.0025301673803036,241908542,U,Unity Software Inc.,Vulnerable,1
247542783,"Amplitude, Inc.",350,0.3623996368635978,0.0861401938460767,0.5514601690960782,0.2762594430175211,0.4641404826351492,0.0714285714285714,0.5857142857142857,0.3428571428571428,0.0714285714285714,0.34,4.9664057938554125e-05,0.1203498522374977,4.966476914333585e-05,0.1087104422905487,4.9664556526684096e-05,4.9664635038617954e-05,0.0496631114188532,4.966463178920837e-05,4.966469057108452e-05,4.9664312102168536e-05,4.966467514803952e-05,0.7208792777248426,0.829738713787208,24,0.0038697194453402,247542783,AMPL,"Amplitude, Inc.",Resilient,0
254640431,"RideNow Group, Inc.",166,0.4517496696908969,0.1483468094403036,0.3999035183721817,0.3034028602505933,0.5864206415144296,0.1385542168674698,0.3915662650602409,0.4698795180722891,0.1385542168674698,0.463855421686747,9.968470862440882e-05,9.968577289568063e-05,9.96855262312826e-05,9.968471824574538e-05,0.2733606616343594,0.5038371333102654,9.968557734302608e-05,0.1359556299609943,0.0860490919216579,9.968655719956224e-05,9.968529395496792e-05,9.968501822819256e-05,0.0864478337415627,3,0.0008723466123873,254640431,RDNW,"RideNow Group, Inc.",Vulnerable,1
260426678,Weibo Corporation,216,0.4988317694385639,0.0781598102443644,0.4230084211168879,0.4206719591941995,0.5014200200257171,0.0648148148148148,0.4305555555555556,0.5046296296296297,0.0601851851851851,0.5046296296296297,0.0187384855622641,0.1220995285274706,4.842350093239723e-05,0.0638444431083567,0.0074398859208545,4.8423823970214406e-05,4.842342612808556e-05,4.8423424125883394e-05,0.1541908544237859,4.842339807983185e-05,0.633396261385968,4.842349806358993e-05,0.2181805679292185,6,0.0012009607686148,260426678,WB,WEIBO Corp,Resilient,0
268296316,Nano Dimension Ltd.,195,0.1718975233964813,0.1406913686973544,0.6874111106475959,0.0312061546991268,0.3872086055478027,0.1076923076923077,0.7743589743589744,0.1179487179487179,0.1076923076923077,0.1128205128205128,9.735474269128176e-05,9.735529980968978e-05,9.735496957978989e-05,9.735528258245568e-05,0.2505706555243037,9.735577745826604e-05,0.7484557927234978,9.735585351706142e-05,9.73551304790238e-05,9.735442879003634e-05,9.735488315861608e-05,9.735538413220432e-05,0.0004867751955635,0,0.0,268296316,NNDM,Nano Dimension Ltd.,Resilient,0
269436565,"Veritone, Inc.",210,0.4479063772441198,0.115706435384761,0.4363871832866044,0.3321999418593588,0.524498234416276,0.1047619047619047,0.4333333333333333,0.4619047619047619,0.1,0.4571428571428571,5.189048968959013e-05,0.0503540366975075,5.189073620077258e-05,0.0220563713038621,0.0041831372152874,0.0853482594843791,0.1718353428687408,0.3085788567658837,5.189131363802583e-05,0.0667902543869565,0.0197436284537125,0.2709544402841417,0.3599048480247991,40,0.0079728921666334,269436565,VERI,"Veritone, Inc.",Resilient,0
270999467,"ZipRecruiter, Inc.",175,0.386928052042744,0.1739052557892033,0.4391666900419763,0.2130227962535406,0.589305862669574,0.1657142857142857,0.4628571428571428,0.3714285714285714,0.1542857142857142,0.3657142857142857,7.914183766056517e-05,0.0861543203524888,0.0504829756147871,0.2254955498072651,7.914240387332401e-05,0.6056107921234292,0.0146796769821419,7.914238333504171e-05,7.914255483013649e-05,0.0171018314888841,7.914196354482453e-05,7.914248775955976e-05,0.2932386419535262,2,0.000508517670989,270999467,ZIP,"ZIPRECRUITER, INC.",Resilient,0
272054403,Lumentum Holdings Inc.,330,0.4029310078374251,0.0779107475907287,0.5191582474236687,0.3250202602466963,0.45595725182151,0.0545454545454545,0.5636363636363636,0.3818181818181818,0.0545454545454545,0.3818181818181818,0.0049556426243234,4.975327928401701e-05,0.8540540496964699,4.975353717941121e-05,4.975326333510481e-05,4.9753218042631195e-05,0.042900937864146,0.0373465693066753,4.975361874534243e-05,0.0603945269495272,4.975315070087155e-05,4.975349157061936e-05,0.9145978372934926,17,0.0026479750778816,272054403,LITE,Lumentum Holdings Inc.,Vulnerable,1
278860821,Kingsoft Cloud Holdings Limited,178,0.6275385892897677,0.0480017921536784,0.3244596211281553,0.5795367971360893,0.4475772908386295,0.0337078651685393,0.3033707865168539,0.6629213483146067,0.0337078651685393,0.6573033707865169,6.853362981573104e-05,6.853297296195539e-05,6.853328933916254e-05,6.853383589427046e-05,0.017452083108369,0.1407083275222283,6.853382241385372e-05,6.853370544526224e-05,0.2796658384112488,0.3364344434382689,0.2252595725268999,6.85337371148126e-05,0.6163058827118659,47,0.0118987341772151,278860821,KC,Kingsoft Cloud Holdings Ltd,Resilient,0
285799345,D-Market Elektronik Hizmetler ve Ticaret A.S.,211,0.515205013124334,0.053510529558523,0.4312844565623744,0.461694483565811,0.4552133308344584,0.0331753554502369,0.4407582938388625,0.5260663507109005,0.0331753554502369,0.5213270142180095,7.617560382924615e-05,0.0611588930963823,7.617610796181334e-05,7.617592405256828e-05,0.0277127196979345,0.8043379178199724,7.617615870297575e-05,7.617618725259098e-05,0.0861033884753466,7.617526594122863e-05,0.020153849789603,7.617587302050255e-05,0.0864080916463227,0,0.0,285799345,HEPS,D-MARKET Electronic Services & Trading,Resilient,0
286753997,GitLab Inc.,356,0.3543945998738237,0.0440033606339894,0.6016020350880251,0.3103912392398342,0.3769430015784719,0.0252808988764044,0.6544943820224719,0.3202247191011236,0.0252808988764044,0.3174157303370786,5.3766091071854925e-05,5.3766023031904224e-05,5.3765876474730424e-05,5.376574319782287e-05,5.376614404731956e-05,5.376581716509552e-05,0.211154681156665,5.376584408377832e-05,5.376668829650629e-05,0.032019599365284,0.0071094235746627,0.7492861676760191,0.7814670653492722,47,0.0084944876197361,286753997,GTLB,Gitlab Inc.,Resilient,0
306401012,Navitas Semiconductor Corporation,261,0.3714725663225341,0.0924661283834455,0.5360613070085816,0.2790064379390886,0.4515419588909109,0.0766283524904214,0.5708812260536399,0.3524904214559387,0.0689655172413793,0.3524904214559387,0.0350173436628066,5.404480888844926e-05,0.9372727613167045,5.404451300598575e-05,5.404433467977466e-05,5.404479568372191e-05,0.0272234925184207,5.404491078235321e-05,5.404430424901552e-05,5.4045073661522874e-05,5.404491416367338e-05,5.40448469536208e-05,0.9374889400545744,19,0.0038076152304609,306401012,NVTS,Navitas Semiconductor Corp,Vulnerable,1
310103275,"Klaviyo, Inc.",381,0.410429231994822,0.0751254994133756,0.5144452673439278,0.3353037325814464,0.4436661257345209,0.0603674540682414,0.5275590551181102,0.4120734908136483,0.0524934383202099,0.4094488188976378,3.770875697635727e-05,0.3439171532908004,3.770903537991747e-05,0.4331756906418805,3.7708978674377506e-05,3.770913354925415e-05,3.770899114315684e-05,3.770891271479133e-05,3.770867987270181e-05,3.770899079938266e-05,3.7709242214866776e-05,0.2225677753459941,0.6558565926939266,11,0.0013526807673389,310103275,KVYO,"Klaviyo, Inc.",Resilient,0
328671450,"KULR Technology Group, Inc.",213,0.3962281553004759,0.0865408263908165,0.5172310168701858,0.3096873289096593,0.4817777058691126,0.0751173708920187,0.5446009389671361,0.380281690140845,0.0657276995305164,0.3755868544600939,0.1946980479558424,0.0168041101642611,0.0611527654412216,7.6666747453921e-05,7.66668632067992e-05,7.666729254334022e-05,0.3251745942773505,0.1940526759336778,7.666733682863729e-05,0.047397934320331,0.0101852528823652,0.1502279507849171,0.2589319846307525,19,0.0049530761209593,328671450,KULR,"KULR Technology Group, Inc.",Resilient,0
336308405,BlackSky Technology Inc.,243,0.4890941827646131,0.0599424601360051,0.4509633607250243,0.4291517226286079,0.4493424344794022,0.0452674897119341,0.4609053497942387,0.4938271604938271,0.0452674897119341,0.48559670781893,5.2845092945669735e-05,5.2844912754553645e-05,5.284538463995753e-05,5.284506878376066e-05,5.2844765446364466e-05,5.2845283339785946e-05,0.398660874118431,0.5126396736094222,5.284503465380944e-05,0.0180477288809491,5.284489798407685e-05,0.0702289629506497,0.0884352273196764,10,0.0019146084625694,336308405,BKSY,BlackSky Technology Inc.,Resilient,0
339110510,"Rekor Systems, Inc.",257,0.4763883197687363,0.0638329625285524,0.4597787184437831,0.4125553572401839,0.4523768191198968,0.046692607003891,0.4552529182879377,0.4980544747081712,0.0428015564202334,0.4980544747081712,0.0446507072741573,4.81162848930886e-05,4.811575393293466e-05,0.0373780119224745,4.8116008340574235e-05,4.811620730204414e-05,0.4176991125439243,0.2146765867996203,0.0273188316283805,0.020417526777047,0.0479280105495309,0.1897387482503962,0.2749012343322313,22,0.0039476045218015,339110510,REKR,"Rekor Systems, Inc.",Resilient,0
373723538,Clarivate Plc,255,0.2877226065661685,0.183004070637638,0.5292733220164391,0.1047185359285304,0.526616353073961,0.1764705882352941,0.5686274509803921,0.2549019607843137,0.1686274509803921,0.2392156862745098,5.923001117921944e-05,5.923010215220086e-05,5.9230132327283375e-05,0.1571382589608579,0.1415800434768728,0.4934850916410854,0.049590422305008,0.0798467209619349,5.923005689197684e-05,5.923033067779991e-05,0.0182530424254147,0.0598102695955974,0.2171262190763525,3,0.0005866249511145,373723538,CLVT,CLARIVATE PLC,Vulnerable,1
403751487,GDS Holdings Limited,239,0.312189575214578,0.0714300449169922,0.6163803787286312,0.2407595302975857,0.4196839150562452,0.0585774058577405,0.6736401673640168,0.2677824267782426,0.0543933054393305,0.2677824267782426,0.1544448223853912,7.316654637602629e-05,0.0889422890715875,7.316645951301665e-05,0.0678345828946079,0.0426010876497833,0.1252157972134842,0.2340970416946384,0.2193878345050801,0.0348380110276562,0.0324190336685444,7.316688333732135e-05,0.3433144679471742,13,0.0030754672344452,403751487,GDS,GDS Holdings Ltd,Resilient,0
409540249,"Ichor Holdings, Ltd.",210,0.4250597821504232,0.0957868478970513,0.4791533696376497,0.3292729342533719,0.482290465605606,0.0761904761904762,0.5142857142857142,0.4095238095238095,0.0714285714285714,0.4047619047619047,0.0455411451016652,8.600245407787668e-05,0.6229076991846895,0.0162531652255151,0.0949384961571019,8.600335910151383e-05,0.0352834062611998,8.600345514087999e-05,0.1845600719199443,8.600234003619353e-05,8.600175875844704e-05,8.600278276923595e-05,0.8238929414529543,1,0.0002451581269919,409540249,ICHR,"ICHOR HOLDINGS, LTD.",Resilient,0
419283817,"DigitalOcean Holdings, Inc.",323,0.4278865099881686,0.0685264852875411,0.5035870036069915,0.3593600247006275,0.448391002039572,0.0526315789473684,0.5479876160990712,0.3993808049535604,0.0526315789473684,0.3962848297213622,0.0028072756183243,0.0689986650767146,0.0219167041703725,3.8404155152227966e-05,0.0052388054775653,0.0925644961363032,0.0838355608293556,0.0091281135595314,0.0104161511963408,0.2916320284287491,3.84044115554612e-05,0.413385390940035,0.7373886788906497,121,0.0157285844274015,419283817,DOCN,"DigitalOcean Holdings, Inc.",Resilient,0
420347413,"CrowdStrike Holdings, Inc.",354,0.4476979572567983,0.0957878417306511,0.4565142011427778,0.3519101155261472,0.493321806554288,0.0819209039548022,0.4548022598870056,0.4632768361581921,0.0734463276836158,0.4463276836158192,3.45077460095346e-05,3.450783389192884e-05,3.450796128594307e-05,3.450788726632611e-05,3.450804477331909e-05,3.450804711220136e-05,3.450785683145616e-05,3.4508017334223143e-05,3.450810050046081e-05,3.450825878753929e-05,3.450798788594443e-05,0.999620412258321,0.9997584444661612,53,0.0074616359284809,420347413,CRWD,"CrowdStrike Holdings, Inc.",Resilient,0
424226705,"Aurora Innovation, Inc.",226,0.3482965929268867,0.0715176610552203,0.5801857478207851,0.2767789318716664,0.4282109048889186,0.0486725663716814,0.6150442477876106,0.336283185840708,0.0442477876106194,0.336283185840708,0.5817683036302067,5.548404606956118e-05,5.548383206426315e-05,5.548384361955142e-05,5.548390203921954e-05,0.1353877541553363,0.1856150269305234,5.548416545024094e-05,0.0402385877214952,5.548378729880442e-05,5.548406787664544e-05,0.0566019399180198,0.0970069791024978,2,0.0003982477100756,424226705,AUR,"Aurora Innovation, Inc.",Resilient,0
428786517,"Rackspace Technology, Inc.",168,0.501705937381346,0.0849370428061645,0.4133570211817555,0.4167688945751814,0.5126272074246446,0.0833333333333333,0.4166666666666667,0.5,0.0773809523809523,0.5,7.997740576417048e-05,7.997780674777806e-05,0.0426916667843177,0.1039720910261292,7.99776357163747e-05,0.1082738491046392,7.997790225844092e-05,0.1445435258487532,7.997757812811637e-05,0.3110274785886054,0.0301167797994093,0.2589747205195307,0.7167459344967113,26,0.00836820083682,428786517,RXT,"Rackspace Technology, Inc.",Resilient,0
542359809,Tuya Inc.,230,0.4172048315203384,0.0436950013588142,0.5391001697953628,0.3735098301615242,0.4067643111723297,0.017391304347826,0.5608695652173913,0.4217391304347826,0.017391304347826,0.4130434782608695,0.0578368309654647,6.709911719193437e-05,6.709933233890748e-05,6.709944750834249e-05,0.0891347365994696,0.1210441117020389,0.0442874575816946,6.709928810242206e-05,0.3132720068891502,0.0439985621343237,0.1600868574079608,0.1700710395347557,0.527475807338077,24,0.0053823727293115,542359809,TUYA,Tuya Inc.,Resilient,0
547797906,PagSeguro Digital Ltd.,286,0.4146675490025248,0.0576158030841082,0.5277166483025034,0.3570517459184166,0.4475501559187077,0.0279720279720279,0.5699300699300699,0.4020979020979021,0.0279720279720279,0.4020979020979021,5.839944809529595e-05,5.8400193432453353e-05,5.840026263752683e-05,0.1602509429298121,0.1227751283791706,0.604743061170522,5.840093319028477e-05,0.0698594452433321,5.840042922919626e-05,5.8399951130903707e-05,0.0419626211765315,5.8399882915937736e-05,0.1604845434557257,0,0.0,547797906,PAGS,PagSeguro Digital Ltd.,Resilient,0
558103995,"Red Cat Holdings, Inc.",415,0.1913679878238633,0.0681760280774569,0.7404559850647866,0.1231919597464063,0.298681325329237,0.0409638554216867,0.8337349397590361,0.1253012048192771,0.0409638554216867,0.1228915662650602,5.877030161120713e-05,5.877042334682223e-05,5.877068645010358e-05,5.877030960839425e-05,5.877069611034689e-05,5.877046958367866e-05,0.9993535252507648,5.877050937419742e-05,5.877072233193542e-05,5.877017093452493e-05,5.877029429356752e-05,5.877016559033782e-05,0.0002938520549152,8,0.0012196981247141,558103995,RCAT,"Red Cat Holdings, Inc.",Resilient,0
560353894,Full Truck Alliance Co. Ltd.,182,0.6588156202623805,0.0767715267356034,0.2644128558522725,0.582044093526777,0.5001385377086242,0.0714285714285714,0.2472527472527472,0.6813186813186813,0.0714285714285714,0.6758241758241759,5.634622579700499e-05,5.634672276297316e-05,5.6346314842820975e-05,5.6346271334344755e-05,5.634700507946652e-05,0.1832185797848277,5.634635839433215e-05,5.634682836552978e-05,0.3769142844242206,5.634636189882951e-05,0.4393600169407645,5.63467617117971e-05,0.3771396701340084,0,0.0,560353894,YMM,Full Truck Alliance Co. Ltd.,Resilient,0
572584066,Opera Limited,219,0.4473612383901052,0.0591677877112168,0.4934709767755716,0.3881934506788884,0.4495521135846368,0.045662100456621,0.5296803652968036,0.4246575342465753,0.0410958904109589,0.4246575342465753,7.032602794730577e-05,0.3704555826980277,7.032655973384433e-05,7.032652070393546e-05,0.2360442349214536,0.2252970164894411,7.032665504717489e-05,7.032632003830753e-05,7.032644788272282e-05,0.0416675808841083,0.1260432996740604,7.032680155534715e-05,0.0419488872139842,12,0.0026075619295958,572584066,OPRA,Opera Ltd,Resilient,0
579312452,Vertiv Holdings Co,409,0.370577604885607,0.0519579798062867,0.5774644139088454,0.3186196250793203,0.4196010385266775,0.0244498777506112,0.6210268948655256,0.3545232273838631,0.0244498777506112,0.3471882640586797,0.0406062848121382,4.634992717744794e-05,0.2297427317334638,0.0975754647854616,0.1053352726029214,4.634968365251834e-05,0.0437162653716562,0.4305326778001613,4.634951368857032e-05,0.052259554453635,4.6349409444530634e-05,4.634990659912216e-05,0.3796704503928482,21,0.0031088082901554,579312452,VRT,Vertiv Holdings Co,Vulnerable,1
598954721,Arqit Quantum Inc.,193,0.3348216788524791,0.113069613333888,0.5521087018927376,0.221752065518591,0.4698232369384872,0.1036269430051813,0.6113989637305699,0.2849740932642487,0.0984455958549222,0.2746113989637305,8.292219912897897e-05,8.292221442987031e-05,8.29228584948298e-05,8.292342851974565e-05,8.292273122522505e-05,0.3404368884087252,0.5150003588508121,8.292264338212364e-05,0.0091925890101358,8.292256328203662e-05,8.292256624560184e-05,0.1347067825256185,0.144148140386051,4,0.0011695906432748,598954721,ARQQ,Arqit Quantum Inc.,Vulnerable,1
607620390,Crown Electrokinetics Corp.,98,0.4938875112530528,0.0858125022460459,0.4202999926305243,0.4080750090070069,0.5027002042957033,0.0714285714285714,0.4285714285714285,0.5,0.0714285714285714,0.5,0.3674192813199098,0.0001402971418064,0.0001402982239098,0.0068692195730739,0.0001402973026519,0.0001402985461068,0.3801823426320962,0.2444067717746207,0.0001402983730725,0.0001402971339994,0.0001402994779181,0.0001402985008338,0.0074304118048896,0,0.0,607620390,CRKN,Crown Electrokinetics Corp.,Vulnerable,1
608737847,Rumble Inc.,732,0.1959606332086087,0.1295358035618012,0.6745035642824171,0.0664248296468076,0.3923269729700036,0.1024590163934426,0.7527322404371585,0.1448087431693989,0.1010928961748633,0.1407103825136612,2.6549004853801303e-05,0.7936146524606157,2.6548729512158575e-05,0.0022138443172221,2.6548937281473853e-05,2.654888783361623e-05,0.1937845211504424,2.6548697449316173e-05,2.6548636533186695e-05,0.0101745913778821,2.654901388632579e-05,2.654878648783685e-05,0.0124680818476374,2,0.00015118300703,608737847,RUM,Rumble Inc.,Vulnerable,1
634127183,Cerence Inc.,318,0.2879793171466287,0.1226385866581761,0.5893820959682219,0.1653407304884526,0.4677779356923109,0.0943396226415094,0.6698113207547169,0.2358490566037736,0.0880503144654088,0.2327044025157232,5.345559451419703e-05,5.3455598058065814e-05,0.0523796325298403,0.0185579721632196,0.0400450541881266,0.2276941701092435,0.2137994904850267,0.0540963667193754,0.1245156718297947,0.0447097914844758,5.3455334881994696e-05,0.2240414839634427,0.4642045519707733,28,0.0041152263374485,634127183,CRNC,Cerence Inc.,Resilient,0
674822063,"FTC Solar, Inc.",190,0.3908615711929374,0.107700530782734,0.5014379015780593,0.2831610404102033,0.4966828376097003,0.0947368421052631,0.5157894736842106,0.3894736842105263,0.0947368421052631,0.3789473684210526,0.0535086966412175,0.1061527460575953,7.759533942725986e-05,7.7594969550028e-05,7.759530193434038e-05,7.759517252760667e-05,0.278952762809916,0.560765034170318,7.75951385998541e-05,7.759498338053014e-05,7.75945514318302e-05,7.75948641016768e-05,0.0003879752950593,0,0.0,674822063,FTCI,"FTC Solar, Inc.",Vulnerable,1
676858391,"Commerce.com, Inc.",387,0.3902334235488252,0.0631704678426879,0.5465961079851986,0.3270629557061372,0.4195375643649523,0.041343669250646,0.5813953488372093,0.3772609819121447,0.0361757105943152,0.3695090439276486,4.194137526143596e-05,0.0858443092335146,4.194133256975521e-05,0.1580847671932804,4.194124540665622e-05,0.3734046534140173,0.1330629216041693,4.194125789669568e-05,4.1941119860011805e-05,4.194094064274566e-05,4.194111205524296e-05,0.2493097601713259,0.4075203507576788,7,0.0009264160931709,676858391,CMRC,"Commerce.com, Inc.",Resilient,0
689699538,Cognyte Software Ltd.,269,0.4980350561253034,0.0630897762977473,0.4388751709127459,0.4349452798275561,0.4617283862081921,0.0408921933085501,0.4535315985130111,0.5055762081784386,0.037174721189591,0.5018587360594795,5.743380938941908e-05,5.7433639486893544e-05,5.74339784984643e-05,5.743410873939277e-05,0.0151785249607502,0.1180169867238835,0.0759462707053319,0.1433102713728768,5.7434250234280304e-05,5.743401517169563e-05,5.743441961247748e-05,0.6471459080160248,0.6473756443686686,7,0.0013872374157748,689699538,CGNT,Cognyte Software Ltd.,Resilient,0
690315901,CXApp Inc.,365,0.3256579875869498,0.0604105099971878,0.613931501998681,0.2652474775897619,0.4110511242731194,0.0438356164383561,0.6712328767123288,0.284931506849315,0.0438356164383561,0.284931506849315,3.901522286115773e-05,0.0897860039622788,3.901559871061399e-05,0.0521627665812513,3.90153647140149e-05,3.9015411147901815e-05,0.113075521730745,0.0254747385510025,3.901550361701696e-05,0.0505028853781446,3.9015540662528885e-05,0.6687639911548644,0.7715076742165881,72,0.0100111234705228,690315901,CXAI,CXApp Inc.,Vulnerable,1
691277895,Motorsport Games Inc.,74,0.3908059855016905,0.1460762972553336,0.4631177133226112,0.2447296882463568,0.5229949451124083,0.1621621621621621,0.4864864864864865,0.3513513513513513,0.1621621621621621,0.3378378378378378,0.0148070421276339,0.0001459487949064,0.0001459484757828,0.0397795817442277,0.000145950139632,0.2857270979930263,0.266729908164194,0.000145949952507,0.0001459484159114,0.000145947450505,0.3919347274492248,0.0001459492924479,0.040363375378875,0,0.0,691277895,MSGM,Motorsport Games Inc.,Vulnerable,1
706105256,"Semrush Holdings, Inc.",234,0.3892057404901163,0.0618703852837475,0.5489238733346136,0.3273353552063688,0.4422593259700201,0.0299145299145299,0.594017094017094,0.376068376068376,0.0299145299145299,0.376068376068376,6.415398790992972e-05,0.371831717801124,6.415454761039088e-05,0.0509988280650986,6.415490046584902e-05,6.415482551908938e-05,6.415472916354622e-05,6.415458708612369e-05,6.415483709273126e-05,6.41543436367396e-05,6.415520916767828e-05,0.5765920621661252,0.6277833539595638,17,0.0037777777777777,706105256,SEMR,"SEMrush Holdings, Inc.",Resilient,0
708778565,"SkyWater Technology, Inc.",170,0.4689082973198417,0.1134055234354865,0.4176861797130721,0.3555027738843551,0.5292498800795966,0.1058823529411764,0.4176470588235294,0.4764705882352941,0.0941176470588235,0.4764705882352941,9.437854506985478e-05,9.437910414061654e-05,0.0578612917651068,9.437929329000148e-05,9.437958077136016e-05,9.43797969298328e-05,0.0562556749822029,0.5036844147501003,0.3814435839758547,9.437961571518196e-05,9.43787886102215e-05,9.437980220801764e-05,0.4395880144521747,3,0.0008110300081103,708778565,SKYT,"SkyWater Technology, Inc",Vulnerable,1
712701220,Zeta Global Holdings Corp.,393,0.4113243131640038,0.0573066357895258,0.5313690524007982,0.354017677374478,0.4241398470914352,0.0330788804071246,0.5750636132315522,0.3918575063613231,0.0330788804071246,0.3867684478371501,4.065170504147836e-05,0.3695223856951268,4.0652113394082606e-05,0.330481783319298,4.0652139612134045e-05,0.0645641121960957,0.0235471140422428,4.0652127529796093e-05,4.065216121496636e-05,4.065236911426646e-05,4.0652127120414926e-05,0.2116000400042096,0.542203779967231,29,0.0038203135291792,712701220,ZETA,Zeta Global Holdings Corp.,Resilient,0
1678202500,Definitive Healthcare Corp.,269,0.3764662663781233,0.1894047612836757,0.4341289687167756,0.1870615050944475,0.6024047726856977,0.174721189591078,0.4423791821561338,0.3828996282527881,0.1672862453531598,0.379182156133829,5.5373118083312246e-05,5.537336707688242e-05,5.537334638839583e-05,0.092943986166361,5.5373394519565264e-05,0.6396827469169585,0.0298258214255165,0.0817286289612732,5.5373226322944306e-05,5.537312060106973e-05,5.537307596051488e-05,0.1554312038809379,0.2485413097406114,0,0.0,1678202500,DH,Definitive Healthcare Corp.,Resilient,0
1792633815,"Silvaco Group, Inc.",231,0.3579236209610259,0.139494679791619,0.5025817018558646,0.2184289411694069,0.5302073333739692,0.1212121212121212,0.5281385281385281,0.3506493506493506,0.1168831168831168,0.3463203463203463,7.008980842409425e-05,7.008952664257116e-05,0.136688695301219,0.0075965683166965,7.00903155967891e-05,0.1614078940537146,0.0371231546314226,0.3512888003658696,0.1544874213805938,7.008980021684525e-05,7.008968117331552e-05,0.15105701681843,0.4498997916171563,8,0.0016827934371055,1792633815,SVCO,"Silvaco Group, Inc.",Vulnerable,1
1816580458,"Unusual Machines, Inc.",254,0.2724998172181915,0.1067438443048351,0.6207563388711355,0.1657559729133564,0.4209926069737562,0.0826771653543307,0.6771653543307087,0.2401574803149606,0.0787401574803149,0.2283464566929134,8.547319844481303e-05,0.0210245709510007,8.547391230992449e-05,8.547279552090644e-05,0.3673872913360786,0.0184165158983017,0.5924878355507375,8.547393492904769e-05,8.54735568843937e-05,8.547291213753899e-05,8.547286985369154e-05,8.547308380113301e-05,0.0004273662606538,0,0.0,1816580458,UMAC,"Unusual Machines, Inc.",Vulnerable,1
