tic,gvkey,datadate,PC1,PC2,PC3,PC4,PC5,PC6,PC7,PC8
SWKS,1327,2024-12-31,0.024452806648352365,-0.17731848274156675,-0.24628667349556774,0.7450050540576423,-0.47797183757176626,-1.1734057706925247,-0.4429027074554093,-0.19424063619787363
ADI,1632,2024-10-31,3.0909877105809156,0.5593602949916616,1.7831303723867553,0.9397809327986231,-0.9338409706965761,-2.4204392360535674,-2.9999016400349223,-0.3011055399333306
AAPL,1690,2024-12-31,26.222965631466145,-1.4267273357246792,-2.2887464058153286,-1.6999623618923192,1.9023880592911162,2.7045649792484387,2.7076737426309583,2.237018510231689
AMAT,1704,2024-10-31,3.8371918592993985,0.08268762973059816,-0.2912584720547207,0.9949258161172624,-0.7610396873556208,0.24524261293092245,0.31918424657619887,-0.9793097226778473
ADSK,1878,2024-10-31,0.663468690538155,0.7816631036077774,1.2659569494256104,1.2452752499075932,-0.49147923006939076,-0.41126710762230356,-0.6673909513096932,-0.19053324603527808
UIS,2504,2024-12-31,-0.8978678908352853,0.7328278902356258,0.6659098849799662,-0.4765917033319539,-0.326492095180584,0.6509696232018671,0.5464113439676426,-0.23842210593508426
RAMP,2536,2024-12-31,-0.988898593670522,0.08378230970371198,-0.42150785327462714,0.32197514315625475,-0.6643758177519912,0.018226167777119683,-0.8552273518826379,0.44775625679896447
CTS,2577,2024-12-31,-1.0404130664658333,0.48145544383477845,0.49786882108694946,-0.058152201666328014,-0.33796839602677714,0.03758667209294582,-0.7556256585642825,0.541518249554731
TLS,2578,2024-12-31,-1.5690708115129042,-0.24215904057678073,-0.9467919895041729,-0.7409397844484951,0.105562503636297,0.30578500604099174,-0.5559677423363233,0.8135593393523857
CACI,2596,2024-12-31,0.3127778432963925,1.1759521870282152,2.3615857810336705,0.19759058068358118,-0.20477356599888888,-0.6090571653519373,-0.32453096627831507,-0.1854543266100004
CMTL,3358,2024-10-31,-1.363948790727092,0.5944084481755191,0.9156962839809442,-1.6294935244059827,0.49113949221686853,0.70264658955897,-1.5929638373975281,0.4947937184843279
SSTK,3382,2024-12-31,-0.9174651510331815,0.8940815633606004,1.2147549264852877,-0.11388237165433038,-0.4634585216377714,0.284323011670783,-1.0393733897707673,0.7301277047993958
DBD,3946,2024-12-31,-0.48260100096680003,0.9169829677306333,1.2538198635931586,-0.03758641534367719,-0.17790146404030824,0.4656249668043564,0.04736956527727713,-0.18101861084080162
DIOD,3969,2024-12-31,-0.806140973725226,0.12900446873684532,-0.49436086447078653,0.28199956435708534,-0.6834274747471419,0.4065810643047326,-0.7485810276439864,-0.1027061017367152
ERIC,4439,2024-12-31,2.522404771802927,0.4244621596575842,0.3153696935370627,0.6600567493080822,-0.9067958581395166,0.24590920070788322,-0.5508677906674483,-0.8633554802171504
FELE,4881,2024-12-31,-0.7416527153999015,0.49754847596144974,0.11925492048487471,0.3784208025912329,-0.7887431257972249,0.7730377753231984,-0.607154222824926,-0.17992562888140132
HUBB,5764,2024-12-31,0.07990257124676658,0.8608373344587184,1.4267978034587288,0.620401122079627,-0.562789714228637,-0.2731842065443074,-0.6317626437357416,-0.24187032106030676
INTC,6008,2024-12-31,13.930865902625808,-0.1992596703953122,0.6922243383880095,-0.5965937499801943,-0.1510456977482408,-2.0923795907729246,-2.6295948419476156,-1.4270826045083018
IBM,6066,2024-12-31,12.790460807289861,0.5073876804068725,2.6048595969867483,-0.5078640611314995,0.3903280696408276,-3.176744838438555,-2.7191292406436487,-1.4172205631524304
KLIC,6509,2024-12-31,-1.0174133383990245,-0.549428180482046,-1.6090269102394692,0.5890395639900592,-0.4666779890294641,-0.34967038239644777,0.05460550165670365,0.07013376974650952
MEI,7291,2024-10-31,-1.0344313039936357,0.6518653072690375,0.7814568708458731,-0.5209905317410143,0.04256651080484504,0.3395274425300712,-0.04904086029729031,0.30873212122885213
MU,7343,2024-11-30,5.272892396713122,0.06353462940006678,-0.0622683295030571,0.6712886069433167,-0.6897656239333488,-0.22677984552927358,-0.24322013298249465,-0.8598183592407759
MSI,7585,2024-12-31,1.4248322454606563,0.9352089177550604,1.7245648410505188,1.443358245449864,0.5497844074802503,-0.2746412748989612,0.448238978104761,-0.45889562433389103
VYX,7648,2024-12-31,-0.4436242905293946,0.7667478368554973,1.2317087988331852,-0.07123419095049832,-0.020623229648030445,-0.21145956901128565,-0.24709365027944533,0.10840688815448715
NSSC,7685,2024-12-31,-1.4063576778728777,-0.7783178957822924,-1.9799924223580054,0.23841474365193993,0.10384862133178394,-0.22340429746456852,0.848399196588238,0.1670155688326424
AGYS,8599,2024-12-31,-1.0280262813472232,0.5815659301962351,0.5786935978771864,0.19690458347596454,-0.3345899523905202,0.357349200169005,-0.9157380142524195,0.49912575382453095
PBI,8606,2024-12-31,-0.5112098900830627,1.1124349223749888,2.0162032637241136,-0.8218190891209768,0.15360166293046795,-0.5316110791985151,1.3725156893812245,-0.06215861158201693
QMCO,8867,2024-12-31,-1.4671745465315789,0.8690438908536612,1.119426048854191,-2.522020043464647,0.9878841780396937,2.012539574453374,0.8705707817917867,0.5742957553307156
TXN,10499,2024-12-31,3.126954241672589,0.12091880292255258,0.5655837562981216,0.8814599009844838,0.09312354547342627,-1.3462971333117157,0.6500046957716806,-0.7086124431510414
TYL,10789,2024-12-31,-0.20942085217948905,0.564619653235667,0.9675922144485011,0.6825807813677736,-0.7248968412968452,-0.6152556466594662,-1.4836962395641036,0.12292152997064319
VSH,11191,2024-12-31,-0.5135658756635132,0.3963747524510127,0.271433770447892,-0.060998208733744695,-0.10112185467081393,0.22994970881023571,0.18306707413476378,-0.37483672359085785
WDC,11399,2024-12-31,1.8589780937297713,0.6222587364840688,1.3293645219882915,0.4198205575163505,-0.35393260510099644,-1.055676946511723,-0.7299687363179755,-0.4128087453484671
WWD,11580,2024-12-31,-0.34975665523791927,0.6094009463247122,0.6250212323701315,0.4265011687497198,-0.5817485268118675,0.24489184192646926,-0.5499658946588841,-0.3057729442425992
XRX,11636,2024-12-31,-0.040547368868229856,0.9513537071261001,1.5368167910794013,-0.10407673831946467,0.23461298196270866,0.06798538316946454,0.235827649951943,-0.17134423923463424
QLYS,11745,2024-12-31,-0.9161563829354973,0.1570196892656187,-0.8364834428852178,0.7047298157076796,-0.6909658887450522,0.7903535458232366,-0.08618121284717525,-0.018265793752139298
JKHY,11811,2024-12-31,-0.4811085611946984,0.7430137934619597,0.7916142740740503,0.6951189130691523,-1.0426604277032343,0.34101774528950035,-1.3746727299306105,0.06004387378266294
MSFT,12141,2024-12-31,28.922097166500333,-1.3647109539647988,-1.1998550793518479,-2.052298671206164,1.8609308561378581,0.6006762392878786,0.2095463103872025,2.22451721576089
ORCL,12142,2024-11-30,13.104934263361576,0.6070983429380171,3.189420295915933,0.05182530139087393,1.5973829143826381,-3.809345888772969,-2.9478900630306115,-0.949933131386684
CLFD,12482,2024-12-31,-1.5451663011683725,-1.3013481509264042,-2.3700555392601053,-0.2792390784020826,0.4252789429491415,-1.1751669223155248,0.2902029236661189,0.4694906725797915
ADBE,12540,2024-11-30,3.3751119431959746,0.4360570557268123,0.6378623408046213,1.4040740918876884,-0.8563248094513817,-0.4888067327589888,-0.7255911114900425,-0.3974913789589638
PLXS,12945,2024-12-31,-0.5171529783493284,0.518831267990822,-0.20165543629721436,0.3326725959611805,-0.827932575366241,1.5220887678627848,-0.12101940574404665,-0.8023185209105574
PLAB,13200,2024-10-31,-1.0523868088197228,-0.5309651626310048,-1.657711962952542,0.31463702880407335,-0.4097472018337416,-0.07268128932276773,-0.10581668577825423,-0.03178522111884671
CDNS,13421,2024-12-31,0.6049270614187114,0.27908851818925523,0.5113947751773692,1.2152428307800478,-0.23693396676893475,-0.8827377639097552,0.2676657810792625,-0.37003783013836805
MITK,14113,2024-12-31,-1.2781872408929804,0.1103358165089433,0.43554164346518315,-0.4909570694780411,0.6515724721668315,-1.1090189089556377,0.49854088909520183,0.9862254866414473
DELL,14489,2024-10-31,9.40758355891641,0.5856732971570769,1.2360894569676244,-3.771392867037317,-4.282279419696105,-0.5868690612181705,0.11947813548418354,-4.653863128570046
DDD,14898,2024-12-31,-1.1939511820570612,0.41352489875668696,0.5575180602979235,-0.8857966245574873,1.011106768777583,0.11532948926879068,1.2078604802989292,0.023545345168967974
WDAY,15044,2024-10-31,1.3440195513799356,0.08472208266206778,-0.08870651775562323,1.0103831269098575,-0.5174079204382702,-0.5791568164400452,-0.00335325768564323,-0.5835419837591846
AMBA,15420,2024-10-31,-1.1269421673079267,-0.08268703357611208,-0.46462691699101877,0.058215412528575476,-0.4617429873740675,-0.14261452531527125,-1.2403305642497033,0.6712434874068653
JOYY,16011,2024-12-31,-0.373642738520691,0.17383002531151673,-0.17580590864944423,0.11834116874680006,-0.704539686320438,0.01980495862141316,-1.5481873805965238,0.0424753105142939
CRUS,16401,2024-12-31,-0.6845015682113772,-0.18745751233824068,-0.8794021193434542,0.7380383332680718,-0.6798962817490751,-0.12172910004661594,-0.03284349952137168,-0.21647671951871444
LSCC,16597,2024-12-31,-0.9240957106475451,0.08436890116523285,-0.2829149142164563,0.6015705464873891,-0.6742935000871717,-0.010870836795342832,-1.0960581023874232,0.3105312587267284
DGII,16710,2024-12-31,-1.0276245265669524,0.767396472342607,1.175166343760395,-0.07453369072705188,-0.5431442099336353,-0.1797817586549161,-1.4745072359940534,1.0606092431513165
AAOI,18564,2024-12-31,-1.1812561542575681,0.38360682545551583,0.40904661458172764,-1.2675728678755385,0.8820509570833165,0.847858022073162,-0.04791163760178868,-0.420741627524297
SAIC,18683,2024-10-31,0.08564091535845694,1.380145854178761,2.4759196088097886,0.15668040754449544,-0.14629407494564822,0.17456780740380995,0.19873737224509472,-0.3887072157745033
VEEV,18689,2024-10-31,-0.12005189376054613,-1.2390397917528402,-2.5875298592976193,1.3093270573063647,-0.45079444116660256,-1.1394472429131712,0.5169075740812036,-0.5148929907372869
WIX,18869,2024-12-31,-0.626894203611647,0.4082327084862908,-0.08988139570529086,-2.5266433737721137,-3.316329952467,-0.48372030758827933,2.1343308183338197,-1.2405337032501877
VRNS,19044,2024-12-31,-0.7394976243207846,0.46532652173817013,0.45900446362448216,0.1891325668939803,0.3840433119710719,-0.007911406902801578,0.7977746760785757,-0.01700451180916846
ATHM,19295,2024-12-31,-0.7370693765600982,-1.0802933836713458,-2.374244265239696,0.6978753431801458,-0.32791561696105914,-1.0488046015957184,0.12418679559158562,0.04425244843226775
TBCH,19602,2024-12-31,-1.1933605182038902,1.124215669410858,0.9902467797302476,-0.13701681478081754,-0.363589898557664,1.7324792428854174,0.7735815842258237,0.1812562223878411
SABR,19649,2024-12-31,-0.15737307869431083,1.7091448062556245,4.298324335064426,-1.4812286595542323,1.1696862134057564,-2.282825682334736,2.665368965163399,0.1658600386461234
PCTY,19730,2024-12-31,-0.2872632818742424,0.4249637114761978,0.11929190325372267,0.6959706103145575,-0.7819586608622708,0.2555085382300257,-1.0031454622156577,-0.1529053044029365
MGNI,19753,2024-12-31,-0.6562618512022131,0.6174146127011672,0.7664113811942276,0.185763507454847,-0.3285953782889694,-0.2345506353142781,-0.6555655744624199,0.47226288347574014
ATEN,19849,2024-12-31,-1.2200158713152656,-0.08557906049672005,-1.2964087029533793,0.34559796157647815,-0.5397281492720291,0.7593034544005841,0.042141952892172374,0.25810913960662946
QTWO,19877,2024-12-31,-0.8013079151183948,0.7943326103087881,1.2822786616543898,1.6146606194910513,-0.10313856935979449,-0.34571817407959965,0.03191514772631043,-2.2009463313536197
FIVN,19908,2024-12-31,-0.7004085015719073,0.45874379365960094,0.727155366719601,0.004925934634798171,0.71227537179685,-0.5394055550804588,1.3685347218106276,0.00730046038913865
WB,20004,2024-12-31,-0.36178815912473977,0.00742901882539451,-0.20866550475373966,0.2574895010204367,0.05790888848936168,-0.7539060266254483,0.6300058742544336,-0.07267228087745037
BOX,20088,2024-10-31,-0.5838923423870724,0.6925724103416373,1.1432652037933195,8.003434380772202,9.961384642681105,2.6562702227226285,0.008838951314580857,1.7079962242094062
PAYC,20116,2024-12-31,-0.25150160762693896,0.40457775962318104,-0.17575740724581598,0.8660329690126499,-1.0971780952844084,0.532564750494522,-0.9973505987713898,-0.17720484717223703
MTLS,20129,2024-12-31,-1.296813649769533,0.22385513793001233,-0.3847448807577135,-0.28897183698735446,-0.2867143893722184,0.5660666600962645,-0.5054578268059912,0.6505416329193492
ANET,20748,2024-12-31,1.1229341729848754,-0.6901667627339243,-1.924780700250082,1.6248859151252197,-0.8168620752779294,-0.18171910387494714,0.2702329128927327,-0.7680334815458187
CSCO,20779,2024-10-31,11.292405453902878,0.21789282061857196,1.458426881795371,0.11105051343354082,-0.6830833758105946,-2.4041547832421566,-3.3290720469088897,-1.163278206422586
RDNW,21035,2024-12-31,-1.1408836719155697,1.2307035923530352,2.2712177488696694,-0.5329705193127696,3.3084614239905146,1.1910976552040675,1.256090471580436,-0.9097667925415688
VICR,21238,2024-12-31,-1.235566780566379,-0.8874905427882519,-2.0892577499845406,0.36629746870593805,-0.20768875970177778,-0.449044655835471,0.14722280815924382,0.05332516910895408
W,21540,2024-12-31,0.22190249347800217,2.0702475515328485,3.3558281658739624,-1.0283430802947042,0.7590124586252045,1.5063489836172197,6.4461915750010075,-2.4539908944047535
HUBS,21847,2024-12-31,-0.2739328192765857,0.09007199096491285,-0.5943254096356294,1.2463315790479552,-0.5178359072102575,0.3070207849509497,0.2549358070870591,-0.935212712212444
WK,22000,2024-12-31,-0.7912843318495171,0.4768671386935285,0.6630838776384982,-3.234008153539066,-3.2752759039924015,-1.8215316492168667,3.0410308742154357,-0.12501525761175433
UPLD,22040,2024-12-31,-1.1962023622800315,1.1919834928652495,2.469681952428929,-0.8734098950633448,0.9277753905777946,-0.6376893999039989,0.21743144896578007,1.418872477801045
MOMO,22164,2024-12-31,-0.8541739656323079,-0.12090959166899337,-1.0745766116706916,0.05896814885791457,-0.1535641773668744,0.3682710884332404,0.32092933944671576,-0.18263078660057097
GTM,22638,2024-12-31,-0.43128848424963,0.7699609452234266,1.1189431011704838,0.35827409237305674,-0.49845982050117826,-0.3382162940793753,-0.9078595727296833,0.301327651985822
GDDY,23071,2024-12-31,0.4367159677345121,1.0944705574014624,2.2803289458955676,1.2391683192035534,0.8602186047999917,-0.7244479966376782,-0.05375379176354526,0.16824021557501026
BHE,23084,2024-12-31,-0.7468734317135916,0.5306253441859665,0.12237256946804176,-0.0041501855211294025,-0.3908957986839567,1.032367449040491,0.2373881533477254,-0.4821487308945363
SEDG,23119,2024-12-31,-0.9463916246077324,0.041881680808288566,-0.12198902540454323,-1.024427839538073,0.6627471197416773,0.35878208673761836,-0.41849750637194183,-0.5903984994666313
ESE,23224,2024-12-31,-0.8025048885048701,0.5753748645370294,0.6800894238131335,0.19303985583866687,-0.6706036024208379,-0.04015452510281782,-1.3994953796989456,0.45395168303751454
LITE,23249,2024-12-31,-0.38046486220349524,0.4826239885457435,1.732381764522819,-0.1258061614718829,1.3288029067121492,-1.832107366496966,1.2998333246439426,-0.008640739319130609
DAY,23546,2024-12-31,0.05184474993800854,0.560474922863093,0.6913544851100069,0.5630838116880654,-0.7029241142932803,-0.23915731364904302,-1.1927627139632313,-0.18296337853477898
SHOP,23650,2024-12-31,1.2171972435029392,-0.31423447824148537,-1.2700623670818134,1.6067476904265168,-0.952831987487744,0.10978418043758079,0.34411716118505153,-0.9382264043441765
NOK,23671,2024-12-31,3.2165487119247453,0.16425103645042266,-0.11628277865098183,0.6421231280662234,-0.9411215653895221,-0.008927611655040635,-0.7702694141290413,-0.7389993442852172
BZUN,23703,2024-12-31,-1.1393272245589816,0.3994709569049322,-0.27762651011856754,-0.29492163285980677,-0.21502658040609085,1.1324474555185808,0.29237790115218704,0.07621519889168688
APPF,24071,2024-12-31,-0.9383414466707407,-0.29749782109023387,-1.2498129195245042,1.3949229451941154,-0.6381680458879194,-0.01648132732908759,0.7161292647845178,-0.20125115057281925
VERX,24083,2024-12-31,-0.7974645806684647,0.5876630898150723,0.887648368389177,0.4278441270539781,0.856105722704685,0.21518945490804875,-0.30812751880500094,-0.2593313254588257
ALRM,24135,2024-12-31,-0.834390284615998,-0.6712424104888751,-0.6704789082954161,0.17429351353330932,1.1764372117265505,-2.1172218116937986,2.329065120335894,-0.0649988452800134
AMSC,24795,2024-12-31,-1.2752875730216533,0.18878632480549765,-0.6456684575418574,-0.16133414498334123,-0.4484493681639448,1.0389591837588312,-0.6908849853717083,0.286237159446716
QCOM,24800,2024-12-31,6.693818467820792,0.012503731308550274,0.012054315621542072,0.7182213701474569,-0.5041859530377636,-0.2553074403330194,0.22843813492544549,-0.7386116862490154
KOPN,25166,2024-12-31,-1.6518514709834766,-0.09164773952542042,-1.4306829172710311,-0.793090910445332,0.1513661409198446,1.5918888082545175,-0.09852419883662969,0.38947920370446454
OLED,25274,2024-12-31,-0.8870731068917977,-0.6874042820834995,-1.584933265884832,0.7794939099156857,-0.5217344254549655,-0.7713459598810002,-0.27033957456886615,0.016332356834870703
FCEL,25430,2024-10-31,-1.2509816113386314,-0.6415441186235864,-1.2011910942595754,-0.5480227576354557,0.41932566868264,-0.575047328785142,-0.10899828074603796,0.10828206769305737
PSTG,25756,2024-10-31,-0.33728747342808146,0.11753459121563932,-0.7158136251244133,0.9726426023811018,-0.755549391391284,0.6095476704612515,-0.0449092756645411,-0.5261531287853064
MTCH,26061,2024-12-31,-0.11186532368325225,1.03765823693653,2.844338347959536,-7.088041610571356,-5.684656921467646,-4.233914067153105,3.3928767102088906,-4.597963504865285
XYZ,26367,2024-12-31,3.77776851552908,0.21942674649974547,0.3608839675081418,0.7152726959238376,-0.7325474329929368,-0.5993498373167965,-0.5135419090904466,-0.7645266473494071
NTNX,26746,2024-10-31,-0.49419321719868636,0.4835674563856909,0.13996885849420837,0.1601405551225852,-0.7983558860955687,0.2861433632617588,1.388320846397922,-0.6199357283456965
TWLO,27364,2024-12-31,0.2021114024539283,-0.04777486702317536,0.0753546133566625,0.6491782611643288,-0.5927948983321585,-1.2210371841870569,-1.0451131502598567,0.009736232664631719
PI,27387,2024-12-31,-0.9966140124377821,0.48357003479060684,0.22809440052383623,0.12195648169671984,0.5962669947666929,0.835659170927168,0.5519044282984301,0.00643179976491498
ATOM,27737,2024-12-31,-2.1499217375655366,-2.9849316197465514,-3.3049166931993903,-4.179867848275088,3.4813318651998335,0.691258125533485,-0.8827909514997883,-1.6965204118749477
TTD,27885,2024-12-31,0.04023968491788945,0.10083885180107476,-0.6416475853039851,1.343356131114545,-0.8304341317938543,0.38960087568470025,-0.34624163673871045,-0.5828509455485891
INTU,27928,2024-10-31,2.7525186572678795,0.610371376163638,1.4811111967988544,1.0147178694705064,-0.8129038812157217,-1.3843049665707978,-1.8400201294156278,-0.5336552237394955
MCHP,27965,2024-12-31,0.8124401892018202,0.8743380090955606,2.2761430515836096,0.36660840931130856,0.06914323080942666,-1.74705198346436,-0.6961099598616357,-0.07660676737921299
SANM,28139,2024-12-31,-0.18505611800156127,0.5328233802744554,-0.25676407138803814,0.40710882176559887,-0.9375629688389353,1.8017401067011372,0.31753514175523606,-1.1515096977214336
JBL,28195,2024-11-30,1.9681555000942879,0.7180347398029805,0.3770443826269511,0.547995483033075,-0.7181443246919281,1.7854007567700898,0.5564335180869732,-1.7389954793605946
GILT,28236,2024-12-31,-1.3219643815597335,0.09560250775869941,-0.8133208566200374,-0.18278705435622453,-0.4639679375215551,0.8306413320793204,-0.49333939460588494,0.46999881254012305
CDW,28320,2024-12-31,1.5053720956939387,1.135896990911851,1.9219436863269774,0.527577293984526,-0.15369112143075606,0.35594973081452125,0.5110704753116623,-1.0487365060459162
SPNS,28384,2024-12-31,-1.0983106743588127,0.24437159343081655,-0.1885594362432007,0.1071864125274249,-0.4835027152452501,0.2818185761456325,-0.6300707461889018,0.4475435472620292
BL,28420,2024-12-31,-0.7205470243565838,0.4013004787448061,0.8142741232762862,0.2702920704172078,0.7108954346595041,-1.0764897399172748,1.3153453482344175,0.376095687093721
GDS,28475,2024-12-31,0.12773790144123598,0.9255673565173251,1.7518809511732925,0.168026428463456,0.5103428533900796,-1.0653022483433632,1.063583711225607,0.025419505962767805
INOD,28717,2024-12-31,-1.338715010351805,0.38521062772860143,-0.9141476051182954,0.5468348348968362,-0.6016786393263706,2.2288452548901505,0.8168375471696527,-0.22785530061948514
BLDP,28724,2024-12-31,-1.530165255939485,-1.9908915204581255,-3.3079713926602223,-0.44902212615233417,0.768924176569176,-1.4967308995355846,0.4150578284374711,0.08790676749550105
VREX,29004,2024-12-31,-0.9782697852034711,0.4537443920322273,0.8699005580989622,-0.5711398125974045,0.6672334929653616,-0.5659952482084764,0.8794528261319396,0.42004044130528806
ICHR,29191,2024-12-31,-1.0308304557478205,0.44173203630897645,0.37284553540347953,-0.2748751720261617,-0.20925218899988526,0.3429549209730886,-0.44120194291822906,0.19972682593549762
VIAV,29241,2024-12-31,-0.8092692214668188,0.35846345737960456,0.6207131060595076,0.000822731238776541,0.37039317074138184,-0.6558122367339445,0.8262891653174,0.15628244758475027
TRVG,29537,2024-12-31,-1.4701353452082946,-0.092996323233321,-1.0113265841912695,-0.17496982016146156,-0.13538135762588546,0.3901139439189346,0.48822762791228097,0.6813100732210522
FLEX,30170,2024-12-31,1.9105432408147254,0.6883614493753509,0.47558875948212964,0.37676789329823274,-0.7840640942709627,1.352906633059625,0.5794365558414315,-1.5819765255431666
REKR,30280,2024-12-31,-1.5946003784472087,0.6719852954708644,1.3530086097847078,-2.1668790514693157,1.2666627856870112,0.5867381673108157,-0.7051212088338048,0.8196617549289811
ADTN,30576,2024-12-31,-1.0362092073000049,0.6027656350752805,0.6075654653147171,-0.35107286691566914,0.08705627820858325,0.6468810652956718,-0.6034676213736913,0.006167809076795837
YEXT,30622,2024-10-31,-1.137157592019699,0.6267788170151793,0.4581722633596569,-0.1727754080869095,-0.23502768664655496,0.70319564251331,-0.43793458883520514,0.4998349873354469
OKTA,30736,2024-10-31,0.06234409100657365,0.3855779523483004,0.5772965947153982,0.7290623484774483,-0.8962023915684475,-0.7754999320819831,-1.6022524892030123,0.19752259576532408
SSYS,30847,2024-12-31,-1.1523004312651923,0.1326013100062329,-0.43552217984442954,-0.24488747527446186,-0.4461326279296741,0.5196448905110906,-0.9448569721285692,0.3740478697718201
VERI,31091,2024-12-31,-1.157475325629563,1.4299758476651105,2.4263258672989148,0.8292835187341489,0.6834849551094055,-0.38975667180098983,1.3774902019060011,3.9868384544127293
APPN,31236,2024-12-31,-0.9634044074024933,0.8773021409666608,0.970828156768897,-1.8353123426336817,-1.8171451708605906,-0.05938030080123747,2.25162775000264,0.18607372655905546
TSEM,31255,2024-12-31,-0.754908372506594,-0.7009613900823417,-1.6923503809572584,0.5918659141335494,-0.34049133247185165,-0.5672205418967982,0.14806655286957762,-0.35361007839651937
NSIT,31453,2024-12-31,0.05655134693181142,0.7136224497823378,0.4901800899183592,0.35371484710613327,-0.8103996893082881,1.0526503664577336,-0.43342730618761144,-0.7256677941315467
SSTI,31457,2024-12-31,-1.492195011522246,0.5474968720411774,0.23449207806627806,-0.7441465274277425,-0.37183417197391844,0.9723836007779821,-1.4641803885796534,1.2150901715087175
PENG,31494,2024-11-30,-0.8501409421321869,0.6810099347604956,0.9748073748981498,-0.3196181218750507,0.5897254183835805,0.053027764922023234,1.1562407126008984,-0.03363202928085165
ACIW,31564,2024-12-31,-0.4806363515628736,0.8723491333301561,1.4570399600140198,0.2777266559403605,-0.2680487280089541,-0.3953926114963984,-0.31711717586035437,0.2603083656961459
CARG,32541,2024-12-31,-0.9682924128127656,0.020071027970367843,-0.5998410097738683,0.6035027392794121,-0.20075895549086345,0.09208713015374025,1.15600947033917,-0.14920673586037556
BAND,32571,2024-12-31,-0.9708557990415251,1.0810460217505211,1.987757763021542,-0.6473208909281118,0.6256483102318867,-0.14452886105602403,0.642548098736825,0.5396848238077173
SFIX,32688,2024-10-31,-1.2562285481924094,0.5413525138653512,-0.5837089417731488,-0.11757085980821813,-0.26941727429699774,2.499584912541204,1.8622968819559684,-0.8327177543301331
PAGS,32884,2024-12-31,-0.0744597034876549,0.20664421066074481,-0.24326301250351373,0.07048969427150173,-0.6332070133810063,0.2897741691175763,-1.2977494941078287,-0.28269750843541536
CDLX,32935,2024-12-31,-1.255022813490111,0.989408631768104,1.8448767728893984,-1.01276091223097,1.0979960090813106,0.011248990389903894,0.42302294154352754,0.776659951109225
ZEPP,32936,2024-12-31,-1.4668262911141803,0.3812338987603657,0.0656266193892133,-1.2835903425514539,0.5412565292804118,0.8114649229587308,-0.028617690733430748,0.6121661530690412
ONDS,33073,2024-12-31,-1.5094665628205552,0.3576877267009081,1.0699631305126593,-1.404117210139868,1.6012858428149903,0.0512173091467682,-0.6790520552002629,0.7960719969529071
DBX,33152,2024-12-31,-0.14200306628422807,1.0099636674628125,2.1423561194094933,-0.6787153589762939,0.5718117102201252,-1.3221802860171321,3.330243124103678,-0.7021453809737065
BILI,33186,2024-12-31,-0.3079859162327148,0.1700036576203243,-0.47309908093626163,0.4817423366543716,-0.4776867816572018,0.47089773388886563,0.1426066922392371,-0.5645131127745162
DOCU,33301,2024-10-31,-0.3907584325673915,0.38826826911104345,-0.25452769824256816,0.8927427496934701,-1.0301439474333092,0.7366034090788885,-0.5504401657122399,-0.34665224279117957
LASR,33420,2024-12-31,-1.5016043045120286,-0.6162282431352076,-1.6268023023121394,-0.756428771658445,0.2750257651248272,0.37382447027088733,-0.22488199670868644,0.16274462754254523
HUYA,33487,2024-12-31,-1.181034377012907,-0.47601468704125727,-1.6682603637172362,-0.17427822235248502,-0.1805409404452553,0.35430886433602704,-0.22489000400299403,-0.03833625954439776
KULR,33557,2024-12-31,-1.6665130916684032,-1.261199624060166,-1.8731650295553417,-0.3970301083824256,0.5552300734855438,-0.8682043405336456,-0.6172570489082918,1.0804700578740494
BE,33668,2024-12-31,-0.47796919735757426,0.5579689133954677,0.7986877580930234,0.2983154334995935,0.7867913546161996,-0.24538402473824394,2.0784702832550015,-0.3577242742250557
OPRA,33850,2024-12-31,-1.018588043243452,0.32731938063329397,0.052253741366416764,0.21417572040326568,-0.7810568891652875,0.08665511410878668,-1.4018530851551336,0.6319080399708256
DAVA,33913,2024-12-31,-0.9109891994759243,0.7216589942136558,1.0764985721943423,-0.12106888788503958,-0.37563356685210436,0.0016381334781218526,-1.0518225203845037,0.4966905087749099
EB,34076,2024-12-31,-1.2353295527076622,0.15064135731702777,-0.20778666771720736,-0.41543813953542363,0.5198090882821799,-0.07698932930942799,0.6746404761271444,0.5840159451354706
UPWK,34101,2024-12-31,-0.8670055871808249,0.12186928706464215,-0.3575490567153501,0.6375026831914196,-0.09438579175847141,-0.39950583025936787,1.348190288946237,0.24868968144266687
ESTC,34243,2024-10-31,-0.6446582603878355,0.15087882045811182,-0.21619683310239332,0.4202560645028448,0.05474441910141349,-0.044869405582328284,0.6695063398833297,-0.243867882828264
STNE,34309,2024-12-31,-0.14488883870044628,0.3164738994087475,0.1413665107873523,0.0948883747964031,-0.20531452193523217,-0.09568530493086021,-0.48856003217982763,-0.17062899636940743
RVLV,34467,2024-12-31,-1.0800219682545815,0.20461518245154814,-1.0015785422932724,0.4297522134531544,-0.6860396735154193,1.7092787391675885,0.7357217815247731,-0.6254023033559492
PHUN,34584,2024-12-31,-2.1667280890385174,-4.189753239764456,-5.597359190910816,-0.3792287124800137,1.5857147098503426,-3.7889827748369043,1.5668572293950138,0.767516225146704
LSPD,34910,2024-12-31,-0.9268260722976456,-0.49390974152817707,-0.7457073711871536,0.2905236440005354,-0.41086267254202363,-1.2611540496291784,-1.2429355566868012,0.4933647344824927
PD,34955,2024-10-31,-1.0019868243717365,0.3398987093659356,0.43328030855775984,0.08729830951530788,1.2091078401650117,-0.34781000297499226,1.5547127122255464,0.29263257616522953
JMIA,34965,2024-12-31,-1.5432917804069284,-0.26762540105738303,-1.660081866383752,-0.6758270670736712,0.1656488816326852,1.3929200704166547,0.25407840591075403,-0.008399035503593787
ZM,35005,2024-10-31,0.31543571964497663,-0.8908320622118078,-2.232712210600464,1.1728953796513752,-0.6763573616932862,-0.5662752676116729,0.3086419757088334,-0.5257763729880064
PINS,35013,2024-12-31,0.11533999722281466,-0.8914500062937465,-2.295721562390123,2.5169907348194696,-1.2682004081268838,-1.2038612310926546,1.4745879105549067,-0.30178132778206157
SY,35059,2024-12-31,-1.6149550888087656,-0.39405097243912984,-1.280530984600087,-1.41279458818552,0.5234385142493762,0.7429485788460307,-0.5764009268515217,0.42134593025674266
FSLY,35120,2024-12-31,-0.9833185890721503,0.13589377676709008,0.47364954250966906,-0.18301630882412295,0.1645906857743847,-1.0478790825193105,-0.28153894708544297,0.6273338409816328
PSN,35158,2024-12-31,-0.035928891658441896,0.8815376950695417,1.1237537003955584,0.3955783432247296,-0.6291101318694705,0.5710401103437082,-0.29275465666808603,-0.5780441935061097
CRWD,35182,2024-10-31,0.2707457971805562,-0.13710054020802875,-0.8239067247763685,1.100128188532231,-0.39622672573357165,0.02232768949383639,-0.02913975629906117,-0.4081994049744072
CLVT,35211,2024-12-31,0.18916335051310584,1.1326745922468664,2.728179371567283,-0.04952937824128448,-0.027599509359921306,-1.687678640396918,-1.3529054888983085,0.5379863923461412
RCAT,35223,2024-10-31,-1.684498191651148,-0.1040721525720836,0.9595460437340411,-2.2410342794585416,1.1811492055655297,0.40967015037751076,-1.701876044276761,1.180903175945334
CHWY,35287,2024-10-31,-0.10309092145626166,1.2922452713318155,0.42564445903973935,1.5969350576433312,-0.4788253511542546,4.138660868889451,2.0380109800042523,-2.6450186877975823
HCAT,35391,2024-12-31,-1.1550433711489543,0.36226123922373454,0.4801979407922346,-0.6251894056171519,0.5324116152582294,-0.277369448704444,0.17083671320621,0.6347322725851393
DOYU,35419,2024-12-31,-1.4047151826051627,-0.7274645604271259,-2.2608202561253465,-0.36912833410065415,0.050194533365090034,0.5415313202658836,0.27510230323607865,-0.08663617540964134
DT,35447,2024-12-31,-0.3562756364375843,0.3205860663106039,-0.127875598188666,1.2080149588053892,-1.1782205565458541,-0.06841645156602733,-0.908424963276176,0.15291980451401202
NET,35604,2024-12-31,-0.29264125119109635,0.06969728516413293,0.09157354432496739,0.8242438439962952,0.8543216864698305,-0.6273329630414858,1.4835498747524167,-0.41457983549312255
CRNC,35614,2024-12-31,-1.1793733678480118,0.7129484805358511,1.345310256631342,-0.7300555239434829,0.6953364549220064,-0.31035452608681374,-0.1915910333992597,0.8877630763407335
DDOG,35620,2024-12-31,0.11267289718976557,-0.2228063242424437,-0.778507642138344,1.0792060701586568,0.060768857661273976,-0.4482834024946182,1.0237169509481943,-0.7117327354510374
DCBO,35743,2024-12-31,-1.2815392101672216,0.21075106615862269,-1.0876242287497653,0.6072030141541244,-0.5382833038859934,1.617507274991248,0.169343192502431,0.25297688465069995
SITM,35794,2024-12-31,-1.0984726566304883,-0.6949903315515236,-1.4477703792062688,0.3448796648537437,-0.237050416458922,-0.6582188600663283,-0.635412552333046,0.31470858464817214
OCFT,35858,2024-12-31,-1.6051733216916126,-0.6055320519714534,-1.7726939329396327,-1.517590711379139,0.6094966290781281,0.8124876649828103,-0.7155145152305731,0.09972233445597009
BILL,35868,2024-12-31,0.10778747106397328,0.3752620346193429,0.4322784818858397,0.56333906204904,-0.5518076108913345,-0.5804141178905747,-0.6989832016852822,0.013216124513215365
SPT,35922,2024-12-31,-1.131726858277497,0.5380066656005074,0.16142616291237405,-0.008548750082883642,-0.3909628751513582,1.0048526058417537,-0.5867872017831762,0.32171261391624634
VRT,36175,2024-12-31,0.764264910332414,0.8112015014128915,1.2685851910911752,0.7760282933066017,-0.12582168926374676,0.07257056539111888,0.3117384007930088,-0.8065464374629299
PCOR,36273,2024-12-31,-0.6983058895757677,0.16426135585989213,-0.26381677343227267,0.5957796773893985,-0.6989147433796988,0.14468985667974923,-0.9251416091072269,0.09394271602408483
GDYN,36293,2024-12-31,-1.3097140695729412,-1.0872282330388239,-2.2183349348616535,0.2777422573830324,-0.01781204620667698,-0.8473383150136286,0.1712107036907856,0.13349397290148216
CRKN,36357,2024-12-31,-1.9027436472741073,-0.4001413399829112,-1.2842058876070714,-2.3714521442416308,1.1413120960804102,1.6547573355221958,-0.8719198801407675,0.2861930053899183
KC,36395,2024-12-31,-0.6944142315869953,0.6924669914006326,0.9331988655583675,-0.09433060012369858,0.022005514424526782,0.07789860400552115,-0.33152046081592657,0.14078437444935382
RXT,36641,2024-12-31,-0.4192305229373617,1.8498640917320024,4.277967337013337,-1.624908008958751,1.349056819716045,-1.3931531571378073,2.7753830375501805,0.06064395500703939
IAC,36691,2024-12-31,-0.10371240965960749,0.32314998265392786,0.6322301953674331,0.2629874215324582,-0.2441333918169193,-0.9115224073868021,-0.45767891766298446,0.028140667650458123
NCNO,36711,2024-10-31,-0.8292045418616882,0.4424380613363977,0.8093002038785724,0.1388648586963244,-0.3934988096370603,-0.669865906378751,-1.2395882399175475,0.7664315379433274
JAMF,36717,2024-12-31,-0.8452822788011226,0.7681123752446481,1.3385495760001822,-0.05725561075656002,-0.23278137763137274,-0.46311834148330394,-0.9109343455145681,0.8165562332783396
CMRC,36754,2024-12-31,-1.2260371663772192,0.5729600712614725,0.972738381557297,-0.18870873272849925,1.8765826502813658,-0.1097541756691286,2.349827644092458,0.4359791770198019
U,36898,2024-12-31,-0.09098111673017183,0.4983999764124996,1.3930228347667906,0.29080799916389966,-0.0030538434868418764,-1.5166298271063368,-0.5146053312260551,0.314977301187331
PLTR,36910,2024-12-31,0.15585493915754564,-1.2568342444535985,-2.5005779677237805,1.8924937794934735,-0.09318708175808345,-0.7689698860343506,0.6873317487296057,-1.0268918791788146
FROG,36945,2024-12-31,-1.0074594830904002,-0.0810690663822108,-0.7071673919918297,0.2923372562111039,-0.5628417849428243,-0.009656738474803356,-0.9332123312056859,0.4485566113302334
ASAN,36964,2024-10-31,-1.0034722403205492,0.22856684760771534,-0.23898979317862934,-0.061006469442973756,0.4134574537288531,0.5919893552468701,0.96705798300598,-0.3226577555124484
GDRX,37023,2024-12-31,-0.9356111911418398,0.08187845418451083,0.41560786887014556,0.0826739182681254,0.3935659208630264,-1.3470116194703396,0.7838587091364276,0.4952375476753119
YALA,37061,2024-12-31,-1.3743863689271136,-1.326641792514945,-3.0105819747289337,0.35957595985777435,-0.02298261835422466,-0.7870807086966205,0.7305134900933684,0.19763796763679928
BSY,37076,2024-12-31,-0.2986940853514622,1.2088084074697576,2.558727999385345,0.4593764130826678,0.018814699699832932,-1.0009828209985914,-0.650763159013734,0.5502307224177351
QBTS,37136,2024-12-31,-1.7601120207732628,-3.278265712325746,-1.6923239756870903,-1.7640149834393162,2.4529930635163213,-0.3462216694598224,-0.2156879870198917,-0.8851671251971738
ALGM,37309,2024-12-31,-0.8435450064849109,0.2563770512867108,0.49779702460024056,0.02955453919892083,0.046868730854027416,-0.6779479557424615,-0.08793257786583702,0.27898989881047515
GRND,37428,2024-12-31,-1.0500542588789072,1.04750007638685,2.5071886272429977,-1.6288723589834861,0.15430980491949584,-0.8496940969266895,0.6819570588029388,1.859858067689286
RBLX,37453,2024-12-31,0.22173524373019032,0.24790979194229945,0.23750600653722131,2.6040916415903737,3.25302953564727,1.071895454193643,-0.8447167580400663,-2.10207752217941
PUBM,37510,2024-12-31,-1.1292625960567142,0.3478586080859099,-0.392370592731541,0.05155366703403161,-0.5930870990414076,0.7956492298967622,-0.5371421178218926,0.48948510973148324
CXAI,37526,2024-12-31,-1.8071993416350967,0.4451027497138318,0.8803540926382944,-1.6906546274108762,0.46672735169227414,0.22833968299450647,-1.6991688153545608,2.162930408837287
SKLZ,37562,2024-12-31,-1.5907061597392338,-0.6565470944388506,-1.2068851848885056,-0.9722957341850599,1.2053036743766927,-0.7843617540791595,1.4770823795851096,0.6703847168864885
PRCH,37593,2024-12-31,-1.0284485138762622,0.8805392403699435,1.418853497025359,-1.497725834589234,-0.4773289314839137,-0.6917862889037897,1.0509380781342887,-0.40468759167629625
S,37596,2024-10-31,-0.74399249975828,0.0680348252131715,-0.3815991510428873,0.4666514322844527,-0.7357019105513083,0.04206584035433132,-1.1883810738700915,0.16590491727781326
LUXE,37605,2024-12-31,-1.1120827980716612,0.6736015802829716,0.2633983730004275,-0.17432911413753063,-0.6106423300865982,1.2813478078761715,-0.518521603004528,0.2055165824999273
SHLS,37646,2024-12-31,-1.0728651611559772,0.5275359200178384,0.34638921079598545,-0.2729310482878353,-0.2171989235766597,0.45351864262252867,-0.3947656775788437,0.3256936230473627
MSGM,37674,2024-12-31,-2.1289427268522907,-0.32802167852470276,-0.8648676507423853,-3.097522935433665,2.542429042937655,1.4356427029042271,-2.932174429164317,-4.12159561616476
TIXT,37775,2024-12-31,-0.48687444803670954,1.0151470238236646,2.007299561572457,-0.37615805721882495,-0.006628889050888558,-0.5137099368819695,-0.9108543672469002,0.40379065930490055
ONTF,37787,2024-12-31,-1.54719731312387,-0.48582914432482055,-1.9839578365852664,-0.361691170998099,-0.0794941143881241,0.7768138222484836,0.15641333208691777,0.46130943811071434
DSP,37824,2024-12-31,-1.3679538440773362,-0.04872941226949089,-1.1711807591415242,-0.1579309691198664,-0.16240059775123672,0.9614352502352749,0.06924790981729663,0.29413854311779686
CGNT,37895,2024-10-31,-1.2154011115240098,0.46098577830418946,0.03789293969051847,-0.2796692058056167,-0.3370326265808119,0.7697517023459178,-0.49222210797971344,0.5982419213322624
RUM,37953,2024-12-31,-1.8396629969583862,-0.8259021605788401,-1.270851062642648,-4.3141400646941115,0.1175719671091794,1.7710306763985348,-1.5118854062841125,4.8632297918784
RGTI,38060,2024-12-31,-2.215990996355423,-7.445845349006965,-4.231857790387676,-4.958866949982628,5.445569516820007,-1.9274787605895194,-1.4630142681909442,-3.6583890848315193
SOUN,38087,2024-12-31,-1.3801926208930977,-0.9757624016813138,-0.6801494181091875,-1.4610604804895004,1.5547151193590754,-0.030213272398252625,-2.65366392803621,-0.7090976854383017
CPNG,38092,2024-12-31,1.860150572550898,0.5671613105954169,-0.13249575140473765,0.8452736371302456,-0.8119323838211936,2.0149723415028125,1.5829192221968784,-2.087663654967612
NXDR,38100,2024-12-31,-1.6555256317063747,-3.101521357478927,-4.741772373516868,0.40418060335364153,0.9959773627758985,-3.40470049190448,1.8490990844673605,0.1829895986773482
AUR,38107,2024-12-31,-1.980902939000113,-35.6611267163611,13.985146346213632,2.218959208316915,-3.348887557339843,4.27198376724161,0.6793543544055591,0.5262805707442743
DOCN,38188,2024-12-31,-0.6025658947463831,1.155464822941352,2.955993646494361,-1.6002830524896223,0.6516488012369953,-2.1719484668051092,3.3797848633484455,-0.27602836671915293
APP,38212,2024-12-31,0.5429179313446761,1.1453557172166007,2.5446042169597023,2.2990938088580086,1.5983023294936962,-0.9135926818402951,1.0854931564585142,0.048506307778265215
ALKT,38329,2024-12-31,-1.1440575927625236,-0.08425249642577932,-0.5592681675943026,0.2084565166715909,-0.34177183719147186,0.08266907398067166,-0.7088360503776919,0.39051922338206385
NPWR,38336,2024-12-31,-1.8173200589865275,-10.101670275743675,-2.865465382573848,1.0367224445731766,0.9864755611084656,-7.111731794101134,0.5879970104383844,1.008994319882081
GRRR,38350,2024-12-31,-1.6637087674983977,-0.038303199336600174,-0.697079363916448,-2.255386069106861,0.9581398648759615,1.774797535007288,-1.0731233291136246,-0.23374054253936752
TUYA,38368,2024-12-31,-1.3647885795341972,-1.9463799656151881,-3.4976896777294706,0.10635863720903518,0.44970549166647295,-1.6312806330322998,0.6280338060654838,-0.1009776364707707
SEMR,38403,2024-12-31,-1.2532073088476157,-0.13821950274015354,-1.2911300449078447,0.349731826574334,-0.4728062600746436,0.7558487110289094,0.1524984599550959,0.1539661218136609
DV,38412,2024-12-31,-0.9651061409768996,-0.1653686746948348,-0.5313644184983485,0.4852239467454532,-0.5163472518047436,-0.6513991117643321,-0.608869977125279,0.44130582561826515
TDUP,38418,2024-12-31,-1.4777543337804453,0.6729566624589585,0.3228991458963443,-1.1088434266685028,0.5421582791526796,1.7333074380064895,0.9961070146836987,-0.007124213774289322
SKYT,38465,2024-12-31,-1.2119436336458937,0.678437975789763,0.2720056127636665,-0.37049304623096607,0.0812497053325998,1.4273748439778937,-0.011662179400174668,0.21488522696206255
HNST,38635,2024-12-31,-1.3435426525879017,0.14155867791051793,-0.9844087645804219,-0.16545984933624622,-0.3457163588294438,1.660258163159466,0.551865238148312,-0.1767459692303159
GLBE,38645,2024-12-31,-0.8485981725248088,0.1364390802720251,-0.4842780275728256,0.7784814532595014,-0.686733466689253,0.46385981512587443,-0.7016377010307384,-0.5022884856827251
PATH,38646,2024-10-31,-0.7227000903813409,-0.38319043267432323,-1.5067656603230017,0.6491362600627727,-0.5655383227374151,0.10430773608350409,0.053520689524680976,-0.20183525559704427
TASK,38647,2024-12-31,-0.9678129675901641,0.6172936914567361,0.7722451782620948,-0.12120694599482168,0.022616231762352786,0.20088162175806853,0.41763559487619745,0.1036775824594222
SMWB,38662,2024-12-31,-1.2342844607783299,0.4853381326703476,-0.11825671823573256,0.25638692400784907,0.4388967168793333,1.4889264096786723,-0.04628309212743911,0.013986736618586348
FTCI,38673,2024-12-31,-1.707845316058172,0.16250276184817994,-0.32284514911526396,-1.9512963519239859,0.8135467040511798,1.434672362998212,-1.0024028336942343,0.15950431486106462
ZETA,38708,2024-12-31,-0.8910632294792192,0.32101833912190864,0.1107843350197079,0.36839818999910984,-0.3260564853111351,0.14545536265310152,0.14172332648174926,0.0023328524010444037
ZIP,38744,2024-12-31,-1.2059502253641687,-0.2869710263409753,0.33207058555588975,2.613536041041336,6.6647142598536036,-0.6894275761040037,2.6938958457611424,0.6894429067987524
VMEO,38757,2024-12-31,-1.1927062240963238,0.03585518780317564,-0.7440118562384536,0.14723488478584495,-0.5495583041322127,0.37345423115489196,-0.6445670912629178,0.5315556023831292
MNDY,38822,2024-12-31,-0.8134112214027205,-0.5317475726966353,-1.93168206182434,0.932303021481084,-0.3764635962144043,0.2030089084294327,0.6733446916640178,-0.4219120044728969
MQ,38832,2024-12-31,-1.035867930835802,-0.7004885142495777,-1.9575053771828,0.2851119582348727,-0.3097251531378724,-0.10296280200583564,-0.03825790743794963,0.11501459008532258
YMM,38909,2024-12-31,-0.5351224590913476,-1.3946418657091881,-2.5055708818593243,0.9399540747724643,-0.2875133213638614,-1.684277366510946,0.07745262805178425,-0.299591400667713
CXM,38915,2024-10-31,-1.0516769559205688,0.04774793300311574,-1.0312742335018483,0.3201573043792837,-0.5581515996278249,0.8696460788217566,0.09204673619882002,-0.04516595789283854
EVCM,38924,2024-12-31,-0.8322958140781852,0.873539391512802,1.9576593419417205,-0.20547199172133698,0.14069474010885136,-1.047450901606481,-0.5481215395849587,0.9173042229522347
DOCS,38927,2024-12-31,-1.0279516487248046,-1.4293360707763576,-2.8681183320219117,1.2156529861321932,-0.23247237346441119,-1.3604209117575474,0.7896835480896861,-0.1245188559423997
HEPS,38928,2024-12-31,-1.065229080311492,0.720648970683226,-0.4549880737842664,0.08554254424405723,-0.5712634746067815,3.287644267231999,1.0015167383544616,-1.4355392397791493
CFLT,38931,2024-12-31,-0.6139838607668651,-0.30472519365245027,-0.5063396169790344,0.2685166155884683,0.7673347308107731,-1.0263154959956462,1.55610988514182,-0.3536150734373325
YOU,38954,2024-12-31,-0.9001454827273844,0.2241689469296655,-0.7517194614066709,0.8383350615525424,-0.575687527761652,0.6952818064112262,0.39080759114310815,0.38435863028281975
FA,39048,2024-12-31,-0.4698727580434405,1.08270532393998,2.7685267066014583,-0.3557835858826087,0.6389717580251936,-1.57298192316866,-0.2773443245055867,0.5741662008637048
BLND,39056,2024-12-31,-1.435209765344396,-0.43395267734595944,-1.8464346368379678,0.0007540490453302643,-0.08167862388058357,0.8961331317637814,0.28157141509637323,0.20910962580585707
IAS,39069,2024-12-31,-0.9785272652103773,0.4586204823494722,0.6256589199327147,0.22334076149222507,-0.7669323859603331,-0.40535581859125985,-1.691075260041417,0.9709675589111609
VTEX,39111,2024-12-31,-1.3312854941039478,-0.41919418477320464,-1.7236706672505004,0.19743087397782216,-0.3505647469839195,0.419920207007972,0.08108967705368408,0.3010624109589298
DUOL,39122,2024-12-31,-0.8290360163785083,-0.3652935034133352,-1.5453417954713058,0.9078328036808637,-0.35936948029465454,0.36658025583674936,0.25662408676574006,-0.4523553442807781
AVPT,39157,2024-12-31,-1.165262021298615,-0.14416982343105947,-1.2932243826571768,0.2183402793755073,-0.2986902243368321,0.8434457832989135,-0.12778154888275794,0.0015143645936092128
NABL,39182,2024-12-31,-0.863727904824188,0.9025083483605949,1.7734601941772383,-0.04117736834674797,-0.24742337899277275,-0.7839980075280724,-1.128825601077328,1.0686744988279535
LAW,39199,2024-12-31,-1.6994717683344218,-1.0765471528821953,-2.4910021098674964,-0.7203826038599117,0.47902268874059595,0.1233659566757973,0.4849861539556892,0.33873702083646273
LZ,39225,2024-12-31,-1.1827816378577038,0.5233588306396821,-0.5630650859385906,0.48450135134221145,-0.7937944611753168,2.002386853629925,0.20098689334236852,-0.06886670287457279
CCC,39378,2024-12-31,-0.5703556109101124,0.37901824062149275,1.1431474333460636,0.4316189172543165,-0.22264754052809282,-1.547223351338306,-0.9001065166055777,0.5474509901137178
DH,39476,2024-12-31,-1.1491510042074884,0.31391111911666997,0.6925297080683747,-0.4849842691948305,0.15205372473314446,-0.7809610739188372,-0.8962723997679468,1.0388187622012968
TOST,39524,2024-12-31,-0.4272291949226046,0.07255957810658915,-1.3441723562449455,1.0695668471763478,-0.8965517323698932,1.9890518598380187,1.0293235580007094,-1.577870809933671
CLBT,39550,2024-12-31,-1.0502646288514732,-0.21114002183012753,-1.4727473100099426,0.7226941450018707,-0.4774666826832275,0.6303836086200604,0.05620419383972096,-0.017185471786171785
CWAN,39554,2024-12-31,-0.7102056095562088,-0.03740549664600893,-0.9778124501827522,1.9704775452744632,-1.2783455056835975,-0.6584532861632445,0.4619760981975223,0.31231056856361866
AMPL,39555,2024-12-31,-1.295167892288238,-0.252356312132879,-1.3998475055936246,-0.15357386335745268,-0.26415460962501996,0.851286277131962,-0.25834881747077465,0.14823880778020182
ARQQ,39589,2024-12-31,-0.8931819897400509,0.31802785602145217,-0.048571716405647454,0.1736032403722067,-0.3713900394295617,0.27484643109001466,-0.2306890293780256,0.08488739136868323
BKSY,39621,2024-12-31,-1.3725460361106818,0.23965985021940722,0.42254061449280184,-1.0094502033277604,1.0872301394089265,-0.2821092741086829,1.020041990628588,0.5171693884099371
GTLB,39687,2024-10-31,-0.9044839802810872,-0.4120102411158182,-1.7812715351525064,0.9042867427858599,-0.5716648442827278,0.410470455975035,0.21302355232641543,-0.22782851331877182
ARBE,39724,2024-12-31,-1.7639450446285867,-1.5989663736186324,0.3676517894950789,-1.8554614918000385,1.2552399851806935,1.0041961195832922,-0.20247121035050167,0.6886252329299071
CCSI,39787,2024-12-31,-0.9150309056436956,1.7495889734666121,4.005613442848059,-1.8741295188119564,0.7405197078946174,-1.761239088079187,2.3882199809400086,0.4536089552632906
IONQ,39800,2024-12-31,-1.5470211257340476,-3.274481504520423,-2.7895265983259843,-0.8705654116535925,1.5542406889725269,-1.5925101764441694,-0.49375923526977117,-0.24231242311655105
AIP,39805,2024-12-31,-1.4925148651951214,0.4351815551228441,-1.0988300109178541,-2.8319350859261156,-8.06278256468346,-0.4972917281397635,3.051742048654604,8.86856614615404
GFS,39822,2024-12-31,0.5817231484525557,0.1378972333665905,-0.24855672411488483,0.608570913434587,-0.688454140833276,0.030536396333057287,-0.49307264868115463,-0.7680064556893453
NRDS,39867,2024-12-31,-1.153417702976863,0.50311242496051,-0.2697429292415654,0.6483279969510122,-1.1375409085918826,1.2771796692925144,-0.041216051416323105,0.24893855992068464
EXFY,39895,2024-12-31,-1.5067561580423061,-0.1651679759383063,-1.2720258748330662,-0.39458210211020467,-0.1692926750531702,0.8637128351558424,-0.06637962727907219,0.5097935412242951
BLZE,39910,2024-12-31,-1.4470986481998331,0.38764739344793964,0.06934088267756275,-0.8742989883694948,0.31569845987394257,0.8575711364762,-0.048224428566477705,0.6326951485212988
WEAV,39914,2024-12-31,-1.3191243584908432,0.24843753309891078,-0.4820755341380275,-0.21781325750897015,0.4790209844253223,1.1448312877684887,1.1536678923666888,-0.0452364526315298
NVTS,39931,2024-12-31,-1.4220426907338473,-0.6370617591015864,-0.6743642641765452,-0.632364868139321,0.11032311525607033,-0.9763539115032519,-1.6218259411619644,1.1007144161614866
BRZE,39942,2024-10-31,-1.0722090820033394,-0.12702515529672212,-1.1250266467066035,0.16649544808721345,-0.19065122096412557,0.6169024228021773,0.272986003712955,-0.140766470002756
KD,39963,2024-12-31,0.6540278588810966,0.9684715201458228,1.1299821144635636,0.5761237516545592,-0.030738213245498185,1.0403250001751483,1.2352532054502507,-0.9782991973447043
CRDO,40532,2024-10-31,-1.2500407834355662,-1.743711486499832,-3.0573273999119777,0.6076355553580209,0.24259282178024258,-1.544004621762723,0.6321099429570206,0.02428772721033721
XPER,41539,2024-12-31,-1.140786042608342,0.4549541171454559,-0.09507331791792531,0.15306969629555248,-0.6847851975605794,0.6874207501332764,-0.42430934523414765,0.6400462886954281
MBLY,41640,2024-12-31,0.14501218031086544,-0.4186562904018272,-0.05259223410792074,0.9124772800490676,-0.8158461684965765,-2.312011589835882,-2.192130349634196,0.40015710704727436
UMAC,42214,2024-12-31,-2.2294510313564317,-1.00060908486002,-0.5251633638930608,-5.109355791881786,2.8341905369846163,1.71793436078743,-3.816104709988236,0.06966622575994652
NATL,43198,2024-12-31,-0.13673790948125308,1.1933220888811085,2.3517014426520926,0.8488680625938156,1.6809918506181885,-0.13057847633028472,0.45462713257545745,0.5560447415918439
KVYO,43288,2024-12-31,-0.9477827999888927,-0.8120883101785203,-2.148423603509626,0.7319187481084196,-0.23530623263967884,-0.028743367930397376,0.6030114428584419,-0.46376423192796695
WAY,43515,2024-12-31,-0.42627813799638986,0.7093357031489521,1.8212305230414196,0.2563968884712727,-0.28881847870968225,-1.6099337886056624,-1.404160139096791,0.7561804714486565
ALAB,45094,2024-12-31,-1.090320928102227,-2.305568579865299,-3.9024950047539653,1.3781101559881632,0.3548495371274301,-2.1015301755926252,1.184401452669485,-0.49452755669686765
RDDT,45097,2024-12-31,-0.7593626658612335,-2.1953809147391894,-3.7475267752962593,1.5617167997603536,0.03989733214905313,-2.2167353614515055,1.306121033771523,-0.5811073558925816
RBRK,45281,2024-10-31,-0.8692748731998164,0.2528185571709246,-0.1468321311786566,-0.2846109671023749,-0.41656306378854213,0.36787905342437816,0.7146134779087202,0.10664936242523065
SVCO,45320,2024-12-31,-1.5682076143008719,-0.34976537716309875,-1.6134803165480482,-0.21310887154187308,-0.15675660026483693,0.45296228878722977,0.07728148810519048,0.8479694653599659
OS,50290,2024-12-31,-1.0800745659109838,-0.37381528410089243,-1.618064989896035,0.3417917901693481,-0.23280910162932955,0.638078919115759,0.025919316664894054,-0.23608730259331426
SCKT,60801,2024-12-31,-1.8747305002521828,0.40755573511556403,-0.3120227402127324,-1.416076250456144,0.3394583867892815,1.4533510676953347,-0.011020008620811756,1.3389411330827306
EAF,61153,2024-12-31,-0.9439760662630764,0.7066991127465871,1.910864730912639,-2.3534293225327145,0.37999771033554364,-1.79749432573801,3.3680078078645295,0.1059327654624369
AEIS,61562,2024-12-31,-0.6897813065806825,0.10550522589902223,-0.01909936662994996,0.23945757035879492,0.08541221706668384,-0.4620309016089915,0.7086520724461532,-0.19451601962754542
NTAP,61591,2024-10-31,0.4135853913226722,0.6425111306794797,0.6832797409034798,1.3176036836160223,-0.31322653687102975,0.12716926030227896,-0.24232580367722562,-0.08272744514375358
CTLP,62213,2024-12-31,-1.22570968330394,0.6639699500650744,0.5431313956897406,-0.3021136958952881,-0.31002515360398053,0.7436001390846546,-0.543786623696914,0.5963153263425834
CSGS,62266,2024-12-31,-0.7808714179381724,0.9081728699138121,1.2487516938806016,0.025480838665950033,0.1707191419086469,0.2788305368563454,0.5258465385243265,0.2539276454383931
TCX,62723,2024-12-31,-1.0542039004994899,1.3073367154996633,2.725482223237534,-1.999992733069854,0.7608275489872524,-0.820710207573704,2.299693722291601,0.7295054006211926
SSNC,62965,2024-12-31,1.1638077482729599,1.0330339027934736,2.3940445440845597,0.38482462426594366,-0.21632588932020902,-1.5560001318749501,-1.118353277334992,-0.013598211725185973
FDS,63172,2024-11-30,-0.22255155397571258,0.9974042202466981,2.0613364068187927,0.5355995894671606,-0.16894705673115104,-0.991254272117543,-0.47113373881065035,0.30141541593449356
CHKP,63185,2024-12-31,-0.18143293603971752,0.3560409193799075,-0.08470642957832351,1.1280160872027516,-1.1870690424791255,0.09417685480410055,-1.0980493803580857,0.00343450787118613
PEGA,63290,2024-12-31,-0.6139707598417509,0.452585048552815,-0.28767425263540425,0.958313613903874,-0.5313640995541528,0.9676070471470604,0.7486482299089956,-0.31825931682881287
MVIS,63531,2024-12-31,-1.9379055485818883,-2.201386128479256,-1.0067531692784797,-6.136593350548972,4.795836855617477,1.3719646259021774,-1.4145856263889183,-3.0560672317236013
CIEN,64356,2024-10-31,-0.11567460061120036,0.3254301469575951,0.2677008098960216,0.3858770328227548,-0.1557445334202966,-0.12357798220541773,0.5696852169256762,-0.5779369518436943
TTWO,64630,2024-12-31,0.6303653195761922,0.9004164700103293,2.016236277979935,0.5593585589887897,-0.4247649533615015,-1.2325560952224917,-1.2700925500046343,-0.006185212777448929
AMZN,64768,2024-12-31,27.26021288251028,-1.3524476193279469,-1.6996381638736204,-1.9383402091952608,1.5556602534050392,1.4538645434699995,1.3185981590697942,1.9282237064571337
QRVO,64853,2024-12-31,-0.1450509038520928,0.5848735417169322,1.0253317120043184,0.31597619099257496,-0.3320982232434914,-0.5845104028092807,-0.43744158744493583,-0.013759027502684503
EGHT,65021,2024-12-31,-1.036948966594284,1.2178451121312144,2.214295784344802,-0.4531795874618411,0.9395544388344603,-0.051792119536255656,1.1790443971718023,0.7348332384686106
OSIS,65607,2024-12-31,-0.6671981576470462,0.7999391551346248,1.0354607197067471,0.04789149705779311,-0.16615714869147774,0.2745743579604595,-0.004075462784999302,-0.0002582259143173011
BB,65986,2024-11-30,-0.9395008735900113,0.5465801088915795,0.5734415510433459,0.0026707143684298134,-0.3850131053770222,-0.014050857589828707,-0.7433756967221347,0.6238660381344122
POWI,66032,2024-12-31,-1.1708599385844007,-1.0756870504909442,-2.0605213439129653,0.5095589052479177,-0.1566994850011936,-1.083718157825035,-0.004828516794480832,0.10578593316110788
DSGX,66326,2024-10-31,-0.7444486048668955,0.5224495294175091,0.7087285785921292,0.6276212315991472,-0.9960498231176013,-0.36610164201248047,-2.047366614678016,0.758378374275419
VRSN,66368,2024-12-31,-0.2626403703560476,1.6884112116288506,3.3194554196547905,-0.5485664176296221,0.9820633450288376,-1.0791129666905122,5.00818680248883,-1.0108525600013194
MRCY,66393,2024-12-31,-0.7701460891521262,0.39991527850062875,0.76734665499812,-0.09438729095871505,-0.1224242365068683,-0.6878478612072675,-0.7643441631492474,0.38603241816879114
CNXN,66586,2024-12-31,-0.9218965256496291,0.254833668138466,-1.0219944167212813,0.40570924552406085,-0.921968816948267,2.12670730513994,0.6526171295160591,-0.99116976556619
OSPN,66686,2024-12-31,-1.2255187612439986,0.37964292779334535,-0.34112892608989104,0.2642319275783734,-0.7859716447538387,0.7332685121156132,-0.6128866799690165,0.7572374777213563
ATEYY,100245,2024-12-31,-0.019784389243580905,0.26127098843069274,-0.25146930027674624,1.1918906445286817,-0.7811008249797703,0.3600078944618926,0.07990474110540875,-0.678436310789924
LOGI,102696,2024-12-31,-0.2903659380602651,0.21790179796816336,-0.7951523192471324,0.9940782525624166,-1.0595722407465338,1.1749104752065256,0.26388674819084545,-0.8131760108069723
SAP,103487,2024-12-31,6.4955015799573035,0.21950595029010014,0.7334423307079511,0.9136533097157232,-1.0486235468736957,-1.351062702064423,-2.365478882195456,-0.673714283463304
MANH,109826,2024-12-31,-0.7721871613645149,0.3867500702408272,-0.49516745768335474,1.427797836320552,-0.2282128187270965,1.5384731887925445,0.16635697710211228,-0.6305499977146715
AXTI,110760,2024-12-31,-1.4486289577917026,0.21348040023396156,-0.4099982903482887,-0.8812270118074242,0.016925878948245366,0.8374815975643841,-0.6937097726065481,0.7133378298744951
CTSH,111864,2024-12-31,1.550098102069946,0.49593885737249777,0.4498426138893114,0.8673559789928331,-1.219333093716996,0.24359962476169342,-0.9523287855873187,-0.8531808737079424
DOX,111880,2024-12-31,-0.11654909584701047,0.7295239833223637,0.9341598383924872,0.5352535249698948,-0.8624496803309508,0.034010645527772526,-1.120882761509718,-0.08505186928060085
CLS,112158,2024-12-31,0.19384370113789146,0.7882380384980232,0.40909941635540764,0.5684300154201835,-0.8733452939025582,1.6123336685805314,0.3729811278992785,-1.2110886518542248
NVDA,117768,2024-10-31,17.082105489774992,-1.3671001814658978,-3.5730910688054016,0.6420526031237008,-0.2983620949877194,3.596541640606124,3.3590417241000776,1.960404101297084
EXTR,119574,2024-12-31,-0.8574268195104083,0.7950627525543278,0.8158605098808797,0.9017649130393625,0.47341571099704804,0.9310660447540982,-0.3811329369580332,0.3260321594462338
AUDC,120860,2024-12-31,-1.326042357618538,0.33993919476286816,-0.3250878593226704,-0.2822670752471355,-0.3439802613756633,0.8841253718691835,-0.24277270970372802,0.5995955535740204
FFIV,121077,2024-12-31,-0.18354321550722869,0.4196191377746126,0.21400952530119258,0.9171351238789115,-1.0643476465496449,-0.08908810248270971,-1.1449297779961036,0.06086319637825249
NTCT,122902,2024-12-31,-0.8322409954839972,0.42952912452168435,0.38537859750064574,0.34108853236471903,-0.8044401597453648,-0.2819759011782088,-1.3887758767167793,0.7745364030612786
PLUG,125604,2024-12-31,-0.7977671811856177,0.15292910391824316,0.3341625113522183,-1.1914868249000172,0.7430932161260887,0.1701167677164507,-0.5457782876015757,-0.766448122657875
IFNNY,132740,2024-12-31,2.101325658585253,0.48907724516501,0.8647021795446908,0.7083989922520677,-0.8283944385147087,-0.6929174868459319,-1.2290620761104294,-0.6404148187307144
SLAB,133288,2024-12-31,-1.013458817623772,-0.5605976969032056,-1.1550217721720086,0.34163541356531457,-0.3586067551176931,-0.6912641764164068,-0.677004015669571,0.2510333649851438
HSTM,133766,2024-12-31,-1.1695084475183308,0.4423206081791675,0.23334374245997375,-0.04055330022245711,-0.6199138532704601,0.2785411762752255,-1.3481632233755578,0.8925415811407948
LPSN,133869,2024-12-31,-1.1784950527957483,1.0703473657455196,2.5679627287985642,-2.0665924938849276,0.6400254628580122,-1.3407173808406878,2.7289983469784582,2.3769637471977325
ON,134932,2024-12-31,0.6712060406605405,0.001944643025001159,-0.02871775930538825,0.7530516222946141,-0.27839150482644776,-0.9399286476246358,0.32596002345868796,-0.5589944021802246
CEVA,135788,2024-12-31,-1.4628237970980815,-1.016752083020061,-2.109373604985673,0.0697974280417433,-0.02202746498227526,-0.8327525946503321,-0.060418896044089274,0.7506703323699923
NTES,137435,2024-12-31,2.4926979050722284,-0.7299202532684963,-2.076662218535034,1.1979911470954925,-0.8080601222633744,-0.04848395894083967,0.4267002067831219,-0.6468575256648411
SOHU,137611,2024-12-31,-1.1617489209551775,-0.48050169054226866,-1.6327862912425057,0.02830358687483673,-0.33148191314455416,0.0832874587598515,-0.2845383879360705,0.316057216484507
CRNT,138501,2024-12-31,-1.2712326750801848,0.5373059950403499,-0.21083196649717884,-0.2891003109172035,-0.47306989423056395,1.643490246260155,-0.15079620621816728,0.12474540588662412
TTMI,139804,2024-12-31,-0.5466902670585835,0.6365208765877182,0.8112399160385851,-0.03861582979264144,-0.07882974888779143,0.09883701249584488,0.11083135780133038,-0.22278181360410165
SYNA,142814,2024-12-31,-0.6978706930354039,0.2609475984377748,0.7073229758890726,0.0888158764821865,0.21936533808905484,-1.124020657858279,0.18526931458517337,0.1890677997249714
OMCL,142956,2024-12-31,-0.7860583870898564,0.5543504661112578,0.5694947907764777,0.11118611012377397,-0.5110968690803763,0.06322460657272398,-0.8891853899279321,0.3657416372383648
PDFS,144437,2024-12-31,-1.3153250223772648,-0.17505908048737664,-1.20355600546992,0.0891198927800453,-0.39722493079565346,0.5696865146466967,-0.3170085781023547,0.2682596302110846
APLD,146738,2024-11-30,-0.9121763601333776,0.46443563965580287,1.033390241675896,-0.7366432728193649,0.9231849582832445,-0.1878770524514296,0.500641628547726,-0.08252663998731792
VRNT,147242,2024-10-31,-0.7819344079098584,0.7613179470208057,1.2304500561743041,0.04654762579241865,-0.45054905202871603,-0.42907569599775947,-1.1044041881733853,0.8020315241782568
TBRG,147849,2024-12-31,-1.18318810897559,1.1492035696330773,2.172056818018663,-0.8191569936369691,0.4471132187019495,-0.16640207006051821,-0.06164788356368817,1.0596601273512967
BBBY,147868,2024-12-31,-1.4625835930811546,0.46887455826383817,-0.859458602601345,-0.9628287762124915,-0.18374100954025258,3.532392780391367,0.8547640059454124,-1.3392099201906438
FORM,148390,2024-12-31,-1.0098335484316896,-0.28844488584194294,-1.0743648743522374,0.3376529983166295,-0.4407260884899307,-0.02857136549561661,-0.374056071805474,-0.010204632394664995
NTGR,154039,2024-12-31,-1.19169790113159,-0.15187173741766036,-1.3028387992535722,-0.09203946654367269,-0.3353880935340249,0.8740038062651739,0.003782349605174349,-0.07269572312442311
GSIT,160213,2024-12-31,-1.794099181249545,-0.22572230437884144,-0.6587015305262414,-1.418295872161308,0.7969702766854709,0.23162090744217656,-0.000261948662838872,1.1697174893292905
GOOGL,160329,2024-12-31,24.44955180951287,-1.514433839630094,-2.8715207183477713,-1.032315459196929,0.23116569379899324,2.765361558447695,1.0498562693349607,1.883570849149283
MPWR,160888,2024-12-31,-0.10972789229082074,-0.08829555772956062,-1.2641773836842187,2.563569837418173,-1.6511593032793355,-0.33440959807722953,0.6720044482159587,-0.2558149331486183
SIMO,164211,2024-12-31,-1.0470144656649674,-0.17059550364517842,-1.2376418476301527,0.2854272093008305,-0.5623192296967924,0.5807302989970838,-0.1460922139260826,-0.0819162453050336
BIDU,164532,2024-12-31,4.189653301734545,-0.1945726491200114,-0.5738693922910078,0.5290102209821823,-0.5602767526970495,-0.4461550826501839,-0.38114333155267494,-0.7415578931998534
LDOS,165123,2024-12-31,1.3080125567119358,1.0913104955347375,1.914783437005397,0.3398421702510329,-0.308713306309787,0.10306988006809353,0.28679132807478824,-0.9168201064806418
PERI,165923,2024-12-31,-1.246904503998883,-0.12492709469327533,-0.8761450995007096,0.06985781176088797,-0.480862815104779,-0.011509033105393087,-0.587308032851323,0.7265452778477826
SNCR,166593,2024-12-31,-1.2433069087265556,1.2791219761920771,2.7638891887631716,-0.5475772249644346,1.6300214662048524,-0.793574467281419,1.1211556906902294,1.8701406997545513
VIPS,170761,2024-12-31,0.6399329158116055,0.32592656537562104,-0.6361393282432277,0.6981141080978528,-1.1831197865854772,1.6028329142231073,0.2698922975180503,-1.1984641437315675
NOW,171007,2024-12-31,1.6542489071700692,0.2274257204454031,-0.212251180362788,1.2734840107416159,-0.9187730930637558,0.208043624338268,-0.31617708680485934,-0.8169944464553281
PANW,171067,2024-10-31,1.2086263424547625,0.323537126061974,0.056711534702031365,1.4209704738803521,-1.0455496678076162,0.08111336225238312,-1.1899623764012257,-0.6473000487299772
CVLT,174077,2024-12-31,-0.8609381415636927,0.42129428861149903,-0.2976911249280106,0.8257437238949246,-0.73449197752007,1.1510148042873711,-0.6267745887165187,-0.14353801797948926
QVCGA,174147,2024-12-31,0.24184724312848885,1.2217847864944185,2.521496219488213,0.22645936449864382,2.490193475025407,0.44102902500019686,0.11620770509977571,-0.9010238827521673
FSLR,175404,2024-12-31,0.2635072239365159,0.1686171655765305,-0.4660250476962195,0.8567976576322252,-0.976355758093677,0.3139943337257656,-0.504961098196549,-0.6082890678110975
CSIQ,175982,2024-12-31,0.27452921108837014,0.616804193496051,0.7468233674278099,-0.2034306759606723,0.23830342462763401,0.1635576267398366,0.3884972277986571,-0.3882403259392133
SMCI,176567,2024-12-31,1.1052960608387463,0.3140916556661373,-0.36371277917020844,0.7635795845357128,-0.8600921197874021,1.6055565848011504,1.6887488330074578,-1.9648019779074202
AVNW,176572,2024-12-31,-1.2356169495994032,0.5209889731292658,0.011777684828513546,-0.46157582676486136,-0.26682133054141033,1.0904647109349888,-0.2903261416194223,0.36284333639094335
BLIN,176768,2024-12-31,-1.9045873389921504,0.24960098047140397,-0.33883265889034536,-1.315511899857862,0.01412459679608711,0.9762118514479978,-1.319466994183249,1.825327092461986
TDC,178310,2024-12-31,-0.701932564680215,0.7977916408112041,0.860128846396876,0.6676691791867574,0.3854748453347695,0.638784760193017,0.4307232371794312,0.1771795859464421
FN,179583,2024-12-31,-0.6041186845873849,-0.021244436381813843,-1.2008202914445285,0.6696618965108361,-0.8365118252341212,1.1678021530545137,0.22111660631950125,-0.9054425413500576
VRSK,180652,2024-12-31,0.2940722185863273,1.558961751711284,3.3889780901722855,7.630923857091036,8.19403979630405,1.2674089410554963,-0.23118933546343398,1.9443533979908343
AVGO,180711,2024-10-31,13.880221963752703,0.3214668690046412,2.537630189510755,-0.4132830579372511,0.7640949831784307,-3.829141212267931,-3.0480609241822627,-0.7163809196398486
DMRC,181290,2024-12-31,-1.580346257760746,-0.469951635465013,-0.8758760137849495,-0.6851384790355108,0.408662124843079,-0.08541512849207954,-0.8080297379567091,1.0307834426244369
FTNT,183377,2024-12-31,0.541040751217581,0.17603046787432738,-0.5379881681823488,1.9081020683700087,-0.3774375936836106,0.4920547018477273,0.17168071356950185,-0.5321994487007561
GNRC,183736,2024-12-31,-0.14513898564244773,0.8449300738070603,1.2380504833195178,0.43071883218936785,-0.5053026170378369,0.05152045900512637,-0.2477600603022776,-0.2575228521598685
VUZI,184113,2024-12-31,-2.055167508623989,-2.133835805563021,-2.0926976414678515,-3.774604228700961,2.4915298171639724,0.7724607375115446,-1.7832691669877536,-0.516688460549385
DQ,184155,2024-12-31,-0.7793493736417642,-0.7707800112811548,-1.6223942033790593,0.03010568656581713,-0.17587268610533646,-0.5987764583629145,-0.6879131335651025,-0.21996411494407958
JKS,184182,2024-12-31,0.8174836141713366,0.45966176016544824,0.43072350325710085,-0.17687495669010594,0.20598568903061887,0.3184227827735405,0.40475342233653233,-0.7452831967196825
BEEM,184345,2024-12-31,-1.7394268129121278,0.2585793142421228,-0.2507985600503436,-1.3855072086647342,0.0587190131037498,1.1325652083636255,-1.3735352093330204,1.2901499746028293
MXL,184551,2024-12-31,-1.0409334265837995,0.43334578439799376,0.5965589730188415,-0.3587595240119355,-0.13019712634451966,0.010852395353998978,-0.9867649532760883,0.5867824412167119
AOSL,184604,2024-12-31,-1.0742291001924502,0.0854825449397943,-0.6927717108655482,-0.10041606097650811,-0.43983879483369026,0.7170690813750039,-0.4943976673391136,0.015830202104019957
NXPI,184725,2024-12-31,2.1420787720529244,0.7122835052603951,1.8246981027490108,0.5543523243000646,0.06834358067961999,-1.539586437113024,-0.0653419094383794,-0.45664207128433376
EVTC,185375,2024-12-31,-0.7135883725922684,0.9460240329178021,2.061377699916359,-0.11724752586582021,0.5871951667503296,-1.0610583024533844,0.35046039907694715,0.6781467311103067
THR,186360,2024-12-31,-1.0441997481377332,0.6894979657033666,0.9068006401668296,-0.16514895880635475,-0.27759804118573417,0.057778235408449674,-0.6353912294447066,0.658145967642024
VNET,186876,2024-12-31,-0.5177418917907103,0.9488613335278681,1.6616433219397237,-0.32032787961524817,0.7169452736859488,-0.30883182445092683,0.7008104212880674,0.10437750251984149
NBIS,187118,2024-12-31,-0.944641624915883,-2.2443755784541817,-3.133408002767191,0.5498604831473528,0.2267408983155812,-2.1004624472657674,0.34562974212640063,-0.2551511551257221
XNET,187413,2024-12-31,-1.4884416970302186,-0.3316650149415815,-1.6024250623239846,-0.4868821385590806,0.011621166200051688,0.7251438411801501,0.28717177511902087,0.3628336058865505
ENPH,187450,2024-12-31,-0.4948881859176962,0.014177121031813508,-0.11582182043746037,0.4902801964641,0.537084091400643,-0.7578875638654824,1.3387689981922213,-0.28756155644856835
EPAM,187697,2024-12-31,-0.2806987253557989,0.1683790309272687,-0.3588711800666309,0.7467593314449142,-0.9127188683655105,0.35750445048612445,-0.5411882481527703,-0.5241870608050332
MTSI,187740,2024-12-31,-0.7920098570946233,-0.06482186815284408,-0.11523801877858175,-0.01910207598666898,0.2855639465547756,-0.5154394495624666,0.036796611401367384,-0.15876639217091776
GWRE,190455,2024-10-31,-0.5452084594520442,0.04462509656369323,-0.08174809094414844,0.5510172046905212,0.2693307611912013,-0.6031176555596646,0.7878385746165909,-0.3802907319962856
TSM,201395,2024-12-31,17.688690137237913,-1.1732748939113875,-2.3559665594002954,-0.24991835500074125,-0.09960395953780085,1.455495555344871,0.7368718085484508,0.8365718224343002
WIT,204867,2024-12-31,0.9867357811616801,-0.07220596748907793,-0.5500358344445806,0.873709483842675,-0.7041404591129716,-0.25909756736881484,-0.2067574817995145,-0.7197023231962965
UMC,209341,2024-12-31,0.5839066018307899,0.09944505944680497,-0.35020032477869883,0.7192400241547345,-0.6890750832785784,-0.0989954227260673,-0.23812583606307283,-0.6025281392213515
INFY,211009,2024-12-31,1.5342963223371937,0.27863082748466333,-0.45149042476981066,1.1986861528083987,-1.21962408778976,1.1024430902073215,0.07693592251732652,-1.286254633888426
ASX,213412,2024-12-31,1.7007915139191245,0.6062531682429082,0.6443925587738004,0.4171774834860895,-0.6108368834879312,0.4104148125219094,0.0043643814225863406,-1.1375465810125798
NJDCY,221821,2024-12-31,1.426637034251628,0.523803635630421,0.5843168153093363,0.5055533370310497,-0.7773407280244035,0.07178177652817612,-0.6561697990185829,-0.8455994432089071
MX,233491,2024-12-31,-1.512284571166423,-0.4268403716216535,-1.4344996689062455,-0.6892654231803608,0.19850533405369541,0.4073659936041444,0.0766261122525154,0.3513816364450823
FLUT,243174,2024-12-31,1.8862161829422721,0.8530950868712738,2.031823467188446,0.6201832123323904,-0.4866365644615652,-1.442694550496414,-1.3750004394024333,-0.44938971651064996
BLKB,260893,2024-12-31,-0.7585421601176404,0.5935589047537246,1.5881889726434193,-0.6039595221753872,2.3234438489929277,-0.26674386775865366,-0.9026915370249755,-1.902091143265707
UCTT,264416,2024-12-31,-0.7592912731230144,0.6453223766012044,0.7567596281223634,-0.14036522344873895,0.07088105743607115,0.37834469194611076,0.7208549478462285,-0.2888983630779915
HIMX,270705,2024-12-31,-0.9126177595669236,0.14418292353739806,-0.5722646113719334,-0.023033220599547297,-0.1053003065692197,0.5376840265490284,0.33193816701668294,-0.12241508809535818
VISL,289735,2024-12-31,-2.1997128104876147,-0.7869165365579939,-1.2378811914714378,-4.292858431418458,2.1442135298252367,1.9371338593710477,-2.2118847937752246,0.02720018350522539
NNDM,300107,2024-12-31,-1.8714502595863205,-5.099568312634971,-6.89632874967199,0.5718715547112276,1.731925251375125,-6.256097896105429,2.1793313258863067,0.2551913256893343
NEXN,317637,2024-12-31,-1.114226635198134,0.4156835329721844,-0.027134229960527095,0.14566232847704141,-0.7495765810685084,0.3675052132158582,-1.0136615149704225,0.8247214867609747
WKEY,321467,2024-12-31,-1.8086595345738212,-1.0635570958881597,-2.382545396306162,-0.7955584310522384,0.6094788194219968,-0.11181797727611512,0.19314105058211262,0.8024865913241043
LIF,332179,2024-12-31,-1.1386207612247963,0.032238214133827665,-0.7124600057606711,0.4766418508443469,-0.6617095274948078,0.5088157196086412,-0.5230555696963756,0.28384067306840904
SNOW,339965,2024-10-31,0.3273276393664899,0.11080713294435225,0.10843889312192888,0.597855523728421,0.16620151441491413,-0.5551085984769927,0.5016918336377201,-0.675811672463926
TE,343180,2024-12-31,-1.4151988954158474,-2.9338337873024103,2.863031576625205,-4.017634983061405,3.234918951298931,0.6825853231448161,-1.4503760352606276,-2.1879696874914263
